scenario,gradation,layer,z_mid_m,year,pf_stationary,pf_nonstationary,delta_pf,fs_deterministic_nonstationary,gw_depth_m,fc_pct,n1_60cs,crr,csr,beta_proxy
stationary,constant,L1,2.0,0,0.7421666666666666,0.7445833333333334,0.0024166666666667336,0.7603740083287055,3.2,8.0,10.42484444292229,0.1362707320522323,0.17921540000000002,0.6607995328369572
stationary,constant,L1,2.0,2,0.7408333333333333,0.7434166666666666,0.002583333333333271,0.7603740083287055,3.2,8.0,10.42484444292229,0.1362707320522323,0.17921540000000002,0.6423447555036426
stationary,constant,L1,2.0,4,0.7464166666666666,0.7333333333333333,-0.013083333333333336,0.7603740083287055,3.2,8.0,10.42484444292229,0.1362707320522323,0.17921540000000002,0.6347168071828477
stationary,constant,L1,2.0,6,0.7461666666666666,0.7379166666666667,-0.00824999999999998,0.7603740083287055,3.2,8.0,10.42484444292229,0.1362707320522323,0.17921540000000002,0.6563365626351766
stationary,constant,L1,2.0,8,0.7334166666666667,0.7439166666666667,0.010499999999999954,0.7603740083287055,3.2,8.0,10.42484444292229,0.1362707320522323,0.17921540000000002,0.6475050480093621
stationary,constant,L1,2.0,10,0.7418333333333333,0.7414166666666666,-0.0004166666666667318,0.7603740083287055,3.2,8.0,10.42484444292229,0.1362707320522323,0.17921540000000002,0.6413911774119423
stationary,constant,L1,2.0,12,0.7425,0.7461666666666666,0.003666666666666596,0.7603740083287055,3.2,8.0,10.42484444292229,0.1362707320522323,0.17921540000000002,0.6737875645456739
stationary,constant,L1,2.0,14,0.7393333333333333,0.7391666666666666,-0.0001666666666666483,0.7603740083287055,3.2,8.0,10.42484444292229,0.1362707320522323,0.17921540000000002,0.6512441739991671
stationary,constant,L1,2.0,16,0.74,0.742,0.0020000000000000018,0.7603740083287055,3.2,8.0,10.42484444292229,0.1362707320522323,0.17921540000000002,0.664262141020351
stationary,constant,L1,2.0,18,0.7385833333333334,0.7415833333333334,0.0030000000000000027,0.7603740083287055,3.2,8.0,10.42484444292229,0.1362707320522323,0.17921540000000002,0.6664236453723972
stationary,constant,L1,2.0,20,0.7430833333333333,0.7438333333333333,0.0007500000000000284,0.7603740083287055,3.2,8.0,10.42484444292229,0.1362707320522323,0.17921540000000002,0.6658103817366098
stationary,constant,L1,2.0,22,0.7543333333333333,0.7328333333333333,-0.021499999999999964,0.7603740083287055,3.2,8.0,10.42484444292229,0.1362707320522323,0.17921540000000002,0.6237233031245066
stationary,constant,L1,2.0,24,0.742,0.73875,-0.003249999999999975,0.7603740083287055,3.2,8.0,10.42484444292229,0.1362707320522323,0.17921540000000002,0.6556866266198181
stationary,constant,L1,2.0,26,0.7465,0.74325,-0.003250000000000086,0.7603740083287055,3.2,8.0,10.42484444292229,0.1362707320522323,0.17921540000000002,0.6505422067725362
stationary,constant,L1,2.0,28,0.74825,0.74,-0.00824999999999998,0.7603740083287055,3.2,8.0,10.42484444292229,0.1362707320522323,0.17921540000000002,0.6390999352433561
stationary,constant,L1,2.0,30,0.7384166666666667,0.7453333333333333,0.006916666666666571,0.7603740083287055,3.2,8.0,10.42484444292229,0.1362707320522323,0.17921540000000002,0.6718007149224828
stationary,constant,L1,2.0,32,0.7463333333333333,0.7453333333333333,-0.0010000000000000009,0.7603740083287055,3.2,8.0,10.42484444292229,0.1362707320522323,0.17921540000000002,0.6746814949530665
stationary,constant,L1,2.0,34,0.7428333333333333,0.7473333333333333,0.0044999999999999485,0.7603740083287055,3.2,8.0,10.42484444292229,0.1362707320522323,0.17921540000000002,0.6798128190473011
stationary,constant,L1,2.0,36,0.7380833333333333,0.7353333333333333,-0.00275000000000003,0.7603740083287055,3.2,8.0,10.42484444292229,0.1362707320522323,0.17921540000000002,0.6560988551803602
stationary,constant,L1,2.0,38,0.73875,0.7423333333333333,0.0035833333333332718,0.7603740083287055,3.2,8.0,10.42484444292229,0.1362707320522323,0.17921540000000002,0.65797775492829
stationary,constant,L1,2.0,40,0.7400833333333333,0.74525,0.005166666666666653,0.7603740083287055,3.2,8.0,10.42484444292229,0.1362707320522323,0.17921540000000002,0.6761143570176996
stationary,constant,L1,2.0,42,0.733,0.7425,0.009500000000000064,0.7603740083287055,3.2,8.0,10.42484444292229,0.1362707320522323,0.17921540000000002,0.661784584777799
stationary,constant,L1,2.0,44,0.7441666666666666,0.74775,0.0035833333333333828,0.7603740083287055,3.2,8.0,10.42484444292229,0.1362707320522323,0.17921540000000002,0.6835340804702001
stationary,constant,L1,2.0,46,0.7390833333333333,0.74075,0.0016666666666667052,0.7603740083287055,3.2,8.0,10.42484444292229,0.1362707320522323,0.17921540000000002,0.6327180008694907
stationary,constant,L1,2.0,48,0.7506666666666667,0.7459166666666667,-0.004750000000000032,0.7603740083287055,3.2,8.0,10.42484444292229,0.1362707320522323,0.17921540000000002,0.6667713947880528
stationary,constant,L1,2.0,50,0.7460833333333333,0.7438333333333333,-0.0022499999999999742,0.7603740083287055,3.2,8.0,10.42484444292229,0.1362707320522323,0.17921540000000002,0.6851951498958941
stationary,constant,L2,4.5,0,0.4940833333333333,0.48833333333333334,-0.005749999999999977,0.9994752004414753,3.2,14.0,15.75572751282236,0.2080367126451502,0.20814594754653132,-0.025345890625156325
stationary,constant,L2,4.5,2,0.5004166666666666,0.489,-0.01141666666666663,0.9994752004414753,3.2,14.0,15.75572751282236,0.2080367126451502,0.20814594754653132,-0.026095539032367096
stationary,constant,L2,4.5,4,0.48933333333333334,0.48891666666666667,-0.0004166666666666763,0.9994752004414753,3.2,14.0,15.75572751282236,0.2080367126451502,0.20814594754653132,-0.02580216730372101
stationary,constant,L2,4.5,6,0.491,0.48791666666666667,-0.003083333333333327,0.9994752004414753,3.2,14.0,15.75572751282236,0.2080367126451502,0.20814594754653132,-0.02854717291760338
stationary,constant,L2,4.5,8,0.4886666666666667,0.49366666666666664,0.004999999999999949,0.9994752004414753,3.2,14.0,15.75572751282236,0.2080367126451502,0.20814594754653132,-0.01577588603301018
stationary,constant,L2,4.5,10,0.488,0.49875,0.010750000000000037,0.9994752004414753,3.2,14.0,15.75572751282236,0.2080367126451502,0.20814594754653132,-0.0031080339679210884
stationary,constant,L2,4.5,12,0.4965833333333333,0.5006666666666667,0.004083333333333383,0.9994752004414753,3.2,14.0,15.75572751282236,0.2080367126451502,0.20814594754653132,0.000980455270517504
stationary,constant,L2,4.5,14,0.48991666666666667,0.49316666666666664,0.003249999999999975,0.9994752004414753,3.2,14.0,15.75572751282236,0.2080367126451502,0.20814594754653132,-0.014595371265253294
stationary,constant,L2,4.5,16,0.49575,0.4920833333333333,-0.003666666666666707,0.9994752004414753,3.2,14.0,15.75572751282236,0.2080367126451502,0.20814594754653132,-0.01715051459387015
stationary,constant,L2,4.5,18,0.4871666666666667,0.5030833333333333,0.015916666666666635,0.9994752004414753,3.2,14.0,15.75572751282236,0.2080367126451502,0.20814594754653132,0.00678828532445443
stationary,constant,L2,4.5,20,0.49866666666666665,0.48725,-0.01141666666666663,0.9994752004414753,3.2,14.0,15.75572751282236,0.2080367126451502,0.20814594754653132,-0.02831429733941196
stationary,constant,L2,4.5,22,0.5021666666666667,0.5029166666666667,0.0007500000000000284,0.9994752004414753,3.2,14.0,15.75572751282236,0.2080367126451502,0.20814594754653132,0.007284192266216122
stationary,constant,L2,4.5,24,0.48825,0.4955833333333333,0.007333333333333303,0.9994752004414753,3.2,14.0,15.75572751282236,0.2080367126451502,0.20814594754653132,-0.013233924610103552
stationary,constant,L2,4.5,26,0.49166666666666664,0.4886666666666667,-0.002999999999999947,0.9994752004414753,3.2,14.0,15.75572751282236,0.2080367126451502,0.20814594754653132,-0.025134520908259673
stationary,constant,L2,4.5,28,0.49775,0.493,-0.004750000000000032,0.9994752004414753,3.2,14.0,15.75572751282236,0.2080367126451502,0.20814594754653132,-0.01657250506593528
stationary,constant,L2,4.5,30,0.48933333333333334,0.49733333333333335,0.008000000000000007,0.9994752004414753,3.2,14.0,15.75572751282236,0.2080367126451502,0.20814594754653132,-0.005593936601488402
stationary,constant,L2,4.5,32,0.48733333333333334,0.49291666666666667,0.005583333333333329,0.9994752004414753,3.2,14.0,15.75572751282236,0.2080367126451502,0.20814594754653132,-0.0161769513403724
stationary,constant,L2,4.5,34,0.49775,0.49441666666666667,-0.003333333333333355,0.9994752004414753,3.2,14.0,15.75572751282236,0.2080367126451502,0.20814594754653132,-0.010759580446508833
stationary,constant,L2,4.5,36,0.4930833333333333,0.5005833333333334,0.007500000000000062,0.9994752004414753,3.2,14.0,15.75572751282236,0.2080367126451502,0.20814594754653132,0.0019121505551997612
stationary,constant,L2,4.5,38,0.49141666666666667,0.5008333333333334,0.009416666666666684,0.9994752004414753,3.2,14.0,15.75572751282236,0.2080367126451502,0.20814594754653132,0.0013826869635206272
stationary,constant,L2,4.5,40,0.49441666666666667,0.49525,0.0008333333333333526,0.9994752004414753,3.2,14.0,15.75572751282236,0.2080367126451502,0.20814594754653132,-0.00961229970935935
stationary,constant,L2,4.5,42,0.49083333333333334,0.4875,-0.003333333333333355,0.9994752004414753,3.2,14.0,15.75572751282236,0.2080367126451502,0.20814594754653132,-0.026026130128182678
stationary,constant,L2,4.5,44,0.49725,0.49925,0.0020000000000000018,0.9994752004414753,3.2,14.0,15.75572751282236,0.2080367126451502,0.20814594754653132,-0.0015923405850303454
stationary,constant,L2,4.5,46,0.49291666666666667,0.5015833333333334,0.008666666666666711,0.9994752004414753,3.2,14.0,15.75572751282236,0.2080367126451502,0.20814594754653132,0.0017568256033317783
stationary,constant,L2,4.5,48,0.4910833333333333,0.4836666666666667,-0.007416666666666627,0.9994752004414753,3.2,14.0,15.75572751282236,0.2080367126451502,0.20814594754653132,-0.03444785442775545
stationary,constant,L2,4.5,50,0.4925833333333333,0.5041666666666667,0.011583333333333334,0.9994752004414753,3.2,14.0,15.75572751282236,0.2080367126451502,0.20814594754653132,0.00671379032762823
stationary,constant,L3,8.0,0,0.21325,0.21125,-0.0020000000000000018,1.3381792659509093,3.2,21.0,23.330086030389968,0.33793331155619627,0.2525321682637648,-0.6077962642608642
stationary,constant,L3,8.0,2,0.21416666666666667,0.21475,0.0005833333333333246,1.3381792659509093,3.2,21.0,23.330086030389968,0.33793331155619627,0.2525321682637648,-0.5963419652089269
stationary,constant,L3,8.0,4,0.21575,0.21525,-0.0005000000000000004,1.3381792659509093,3.2,21.0,23.330086030389968,0.33793331155619627,0.2525321682637648,-0.604387005539814
stationary,constant,L3,8.0,6,0.22175,0.21433333333333332,-0.0074166666666666825,1.3381792659509093,3.2,21.0,23.330086030389968,0.33793331155619627,0.2525321682637648,-0.6154922902579798
stationary,constant,L3,8.0,8,0.22116666666666668,0.21633333333333332,-0.004833333333333356,1.3381792659509093,3.2,21.0,23.330086030389968,0.33793331155619627,0.2525321682637648,-0.607087858624913
stationary,constant,L3,8.0,10,0.22416666666666665,0.22358333333333333,-0.0005833333333333246,1.3381792659509093,3.2,21.0,23.330086030389968,0.33793331155619627,0.2525321682637648,-0.5971330036946166
stationary,constant,L3,8.0,12,0.218,0.22808333333333333,0.010083333333333333,1.3381792659509093,3.2,21.0,23.330086030389968,0.33793331155619627,0.2525321682637648,-0.5957151918644242
stationary,constant,L3,8.0,14,0.21683333333333332,0.21516666666666667,-0.0016666666666666496,1.3381792659509093,3.2,21.0,23.330086030389968,0.33793331155619627,0.2525321682637648,-0.6122668640988196
stationary,constant,L3,8.0,16,0.22,0.21991666666666668,-8.333333333332416e-05,1.3381792659509093,3.2,21.0,23.330086030389968,0.33793331155619627,0.2525321682637648,-0.6027736050574265
stationary,constant,L3,8.0,18,0.2165,0.22108333333333333,0.004583333333333328,1.3381792659509093,3.2,21.0,23.330086030389968,0.33793331155619627,0.2525321682637648,-0.60640450976663
stationary,constant,L3,8.0,20,0.22408333333333333,0.21941666666666668,-0.004666666666666652,1.3381792659509093,3.2,21.0,23.330086030389968,0.33793331155619627,0.2525321682637648,-0.5852295097306356
stationary,constant,L3,8.0,22,0.21575,0.21733333333333332,0.0015833333333333255,1.3381792659509093,3.2,21.0,23.330086030389968,0.33793331155619627,0.2525321682637648,-0.6042230532159836
stationary,constant,L3,8.0,24,0.21833333333333332,0.22033333333333333,0.0020000000000000018,1.3381792659509093,3.2,21.0,23.330086030389968,0.33793331155619627,0.2525321682637648,-0.5935845711207114
stationary,constant,L3,8.0,26,0.21825,0.22266666666666668,0.00441666666666668,1.3381792659509093,3.2,21.0,23.330086030389968,0.33793331155619627,0.2525321682637648,-0.5816861853185716
stationary,constant,L3,8.0,28,0.21816666666666668,0.22116666666666668,0.0030000000000000027,1.3381792659509093,3.2,21.0,23.330086030389968,0.33793331155619627,0.2525321682637648,-0.5874310621451562
stationary,constant,L3,8.0,30,0.217,0.22733333333333333,0.010333333333333333,1.3381792659509093,3.2,21.0,23.330086030389968,0.33793331155619627,0.2525321682637648,-0.5744911773756687
stationary,constant,L3,8.0,32,0.214,0.22116666666666668,0.007166666666666682,1.3381792659509093,3.2,21.0,23.330086030389968,0.33793331155619627,0.2525321682637648,-0.6143217051259862
stationary,constant,L3,8.0,34,0.21416666666666667,0.2125,-0.0016666666666666774,1.3381792659509093,3.2,21.0,23.330086030389968,0.33793331155619627,0.2525321682637648,-0.6101895488212044
stationary,constant,L3,8.0,36,0.21816666666666668,0.21675,-0.0014166666666666772,1.3381792659509093,3.2,21.0,23.330086030389968,0.33793331155619627,0.2525321682637648,-0.6047404392016064
stationary,constant,L3,8.0,38,0.221,0.21575,-0.005250000000000005,1.3381792659509093,3.2,21.0,23.330086030389968,0.33793331155619627,0.2525321682637648,-0.5987955555417469
stationary,constant,L3,8.0,40,0.2145,0.21725,0.0027500000000000024,1.3381792659509093,3.2,21.0,23.330086030389968,0.33793331155619627,0.2525321682637648,-0.6106195591532074
stationary,constant,L3,8.0,42,0.22516666666666665,0.21716666666666667,-0.00799999999999998,1.3381792659509093,3.2,21.0,23.330086030389968,0.33793331155619627,0.2525321682637648,-0.6122441296902145
stationary,constant,L3,8.0,44,0.214,0.22166666666666668,0.007666666666666683,1.3381792659509093,3.2,21.0,23.330086030389968,0.33793331155619627,0.2525321682637648,-0.6065189167683881
stationary,constant,L3,8.0,46,0.2225,0.2145,-0.008000000000000007,1.3381792659509093,3.2,21.0,23.330086030389968,0.33793331155619627,0.2525321682637648,-0.6030270892005232
stationary,constant,L3,8.0,48,0.20866666666666667,0.21841666666666668,0.009750000000000009,1.3381792659509093,3.2,21.0,23.330086030389968,0.33793331155619627,0.2525321682637648,-0.6025237652544286
stationary,constant,L3,8.0,50,0.226,0.22716666666666666,0.0011666666666666492,1.3381792659509093,3.2,21.0,23.330086030389968,0.33793331155619627,0.2525321682637648,-0.5901251161330506
stationary,constant,L4,12.5,0,0.043916666666666666,0.0385,-0.005416666666666667,1.9234196628931783,3.2,28.0,31.877396808363123,0.49107142857142855,0.25531164001555773,-1.2303749602414085
stationary,constant,L4,12.5,2,0.03891666666666667,0.04016666666666667,0.0012500000000000011,1.9234196628931783,3.2,28.0,31.877396808363123,0.49107142857142855,0.25531164001555773,-1.2305105088804589
stationary,constant,L4,12.5,4,0.03833333333333333,0.03966666666666667,0.0013333333333333391,1.9234196628931783,3.2,28.0,31.877396808363123,0.49107142857142855,0.25531164001555773,-1.2167303302844557
stationary,constant,L4,12.5,6,0.04041666666666666,0.03866666666666667,-0.0017499999999999946,1.9234196628931783,3.2,28.0,31.877396808363123,0.49107142857142855,0.25531164001555773,-1.2239596278481164
stationary,constant,L4,12.5,8,0.03991666666666667,0.04475,0.004833333333333328,1.9234196628931783,3.2,28.0,31.877396808363123,0.49107142857142855,0.25531164001555773,-1.2118592876281504
stationary,constant,L4,12.5,10,0.042,0.03933333333333333,-0.0026666666666666713,1.9234196628931783,3.2,28.0,31.877396808363123,0.49107142857142855,0.25531164001555773,-1.2540551170611838
stationary,constant,L4,12.5,12,0.040916666666666664,0.03866666666666667,-0.002249999999999995,1.9234196628931783,3.2,28.0,31.877396808363123,0.49107142857142855,0.25531164001555773,-1.2396085319822499
stationary,constant,L4,12.5,14,0.04016666666666667,0.04083333333333333,0.0006666666666666626,1.9234196628931783,3.2,28.0,31.877396808363123,0.49107142857142855,0.25531164001555773,-1.2291041937163494
stationary,constant,L4,12.5,16,0.042166666666666665,0.041666666666666664,-0.0005000000000000004,1.9234196628931783,3.2,28.0,31.877396808363123,0.49107142857142855,0.25531164001555773,-1.2020706806466583
stationary,constant,L4,12.5,18,0.03666666666666667,0.04025,0.003583333333333334,1.9234196628931783,3.2,28.0,31.877396808363123,0.49107142857142855,0.25531164001555773,-1.2132786713897041
stationary,constant,L4,12.5,20,0.03791666666666667,0.03908333333333333,0.001166666666666663,1.9234196628931783,3.2,28.0,31.877396808363123,0.49107142857142855,0.25531164001555773,-1.2163658749784776
stationary,constant,L4,12.5,22,0.041833333333333333,0.042333333333333334,0.0005000000000000004,1.9234196628931783,3.2,28.0,31.877396808363123,0.49107142857142855,0.25531164001555773,-1.2079453550388626
stationary,constant,L4,12.5,24,0.04175,0.04016666666666667,-0.0015833333333333324,1.9234196628931783,3.2,28.0,31.877396808363123,0.49107142857142855,0.25531164001555773,-1.237457475544685
stationary,constant,L4,12.5,26,0.038,0.04275,0.004750000000000004,1.9234196628931783,3.2,28.0,31.877396808363123,0.49107142857142855,0.25531164001555773,-1.2271774546896683
stationary,constant,L4,12.5,28,0.03841666666666667,0.04075,0.002333333333333333,1.9234196628931783,3.2,28.0,31.877396808363123,0.49107142857142855,0.25531164001555773,-1.2135719395605118
stationary,constant,L4,12.5,30,0.0405,0.041416666666666664,0.0009166666666666629,1.9234196628931783,3.2,28.0,31.877396808363123,0.49107142857142855,0.25531164001555773,-1.199092061441361
stationary,constant,L4,12.5,32,0.03791666666666667,0.04041666666666666,0.0024999999999999953,1.9234196628931783,3.2,28.0,31.877396808363123,0.49107142857142855,0.25531164001555773,-1.2158644181276572
stationary,constant,L4,12.5,34,0.043333333333333335,0.042,-0.0013333333333333322,1.9234196628931783,3.2,28.0,31.877396808363123,0.49107142857142855,0.25531164001555773,-1.232401821079241
stationary,constant,L4,12.5,36,0.03883333333333333,0.0385,-0.0003333333333333313,1.9234196628931783,3.2,28.0,31.877396808363123,0.49107142857142855,0.25531164001555773,-1.240312584259743
stationary,constant,L4,12.5,38,0.04133333333333333,0.03941666666666667,-0.0019166666666666637,1.9234196628931783,3.2,28.0,31.877396808363123,0.49107142857142855,0.25531164001555773,-1.2350302389345968
stationary,constant,L4,12.5,40,0.042,0.04108333333333333,-0.0009166666666666698,1.9234196628931783,3.2,28.0,31.877396808363123,0.49107142857142855,0.25531164001555773,-1.2261779870951803
stationary,constant,L4,12.5,42,0.03791666666666667,0.03933333333333333,0.0014166666666666633,1.9234196628931783,3.2,28.0,31.877396808363123,0.49107142857142855,0.25531164001555773,-1.2098301850900215
stationary,constant,L4,12.5,44,0.038,0.04083333333333333,0.0028333333333333335,1.9234196628931783,3.2,28.0,31.877396808363123,0.49107142857142855,0.25531164001555773,-1.2066733077856289
stationary,constant,L4,12.5,46,0.03966666666666667,0.03916666666666667,-0.0005000000000000004,1.9234196628931783,3.2,28.0,31.877396808363123,0.49107142857142855,0.25531164001555773,-1.2389044377168457
stationary,constant,L4,12.5,48,0.04158333333333333,0.03983333333333333,-0.0017500000000000016,1.9234196628931783,3.2,28.0,31.877396808363123,0.49107142857142855,0.25531164001555773,-1.2296204251454788
stationary,constant,L4,12.5,50,0.042833333333333334,0.042333333333333334,-0.0005000000000000004,1.9234196628931783,3.2,28.0,31.877396808363123,0.49107142857142855,0.25531164001555773,-1.2400262887993172
stationary,fines_accumulation,L1,2.0,0,0.7430833333333333,0.7435,0.0004166666666667318,0.7603740083287055,3.2,8.0,10.42484444292229,0.1362707320522323,0.17921540000000002,0.6549748648687547
stationary,fines_accumulation,L1,2.0,2,0.74475,0.74025,-0.0045000000000000595,0.764006475134227,3.2,8.2,10.47929925800245,0.13692172604377056,0.17921540000000002,0.6640453753688861
stationary,fines_accumulation,L1,2.0,4,0.7430833333333333,0.73575,-0.007333333333333303,0.7678609447851612,3.2,8.4,10.536927776179398,0.1376125063640506,0.17921540000000002,0.6501007437448927
stationary,fines_accumulation,L1,2.0,6,0.7416666666666667,0.7300833333333333,-0.01158333333333339,0.771925341778024,3.2,8.6,10.597524177025196,0.1383409088968853,0.17921540000000002,0.6029331559360097
stationary,fines_accumulation,L1,2.0,8,0.7425,0.733,-0.009500000000000064,0.7761865084248941,3.2,8.8,10.660867627855874,0.13910457558197079,0.17921540000000002,0.6150496354994295
stationary,fines_accumulation,L1,2.0,10,0.7364166666666667,0.7211666666666666,-0.015250000000000097,0.7806305379855152,3.2,9.0,10.726727724576358,0.1399010141172893,0.17921540000000002,0.5896812057578351
stationary,fines_accumulation,L1,2.0,12,0.7418333333333333,0.7178333333333333,-0.02400000000000002,0.7852430683045997,3.2,9.2,10.794869249895504,0.14072765058343617,0.17921540000000002,0.5698403494067671
stationary,fines_accumulation,L1,2.0,14,0.7375,0.7191666666666666,-0.018333333333333424,0.7900095353036972,3.2,9.4,10.865056238431336,0.14158187487326623,0.17921540000000002,0.5655325756889281
stationary,fines_accumulation,L1,2.0,16,0.74325,0.709,-0.03425,0.7949153874935635,3.2,9.6,10.937055369988979,0.142461079135814,0.17921540000000002,0.5531773445894546
stationary,fines_accumulation,L1,2.0,18,0.7365,0.708,-0.02850000000000008,0.7999462638760481,3.2,9.8,11.01063873360181,0.14336268965905152,0.17921540000000002,0.5367750786201168
stationary,fines_accumulation,L1,2.0,20,0.7410833333333333,0.69175,-0.04933333333333334,0.8050881383304005,3.2,10.0,11.085586017933451,0.14428419274613807,0.17921540000000002,0.508093167112836
stationary,fines_accumulation,L1,2.0,22,0.7376666666666667,0.6934166666666667,-0.04425000000000001,0.810327433947032,3.2,10.2,11.161686190302968,0.14522315520579093,0.17921540000000002,0.5085755726590562
stationary,fines_accumulation,L1,2.0,24,0.7473333333333333,0.6906666666666667,-0.05666666666666664,0.8156511108816685,3.2,10.4,11.238738728601453,0.1461772400971026,0.17921540000000002,0.48316375761156377
stationary,fines_accumulation,L1,2.0,26,0.74075,0.6796666666666666,-0.06108333333333338,0.8210467312342232,3.2,10.6,11.316554469100689,0.14714421835683383,0.17921540000000002,0.4456708707911346
stationary,fines_accumulation,L1,2.0,28,0.7386666666666667,0.6708333333333333,-0.06783333333333341,0.8265025042713713,3.2,10.8,11.39495612971379,0.14812197690399553,0.17921540000000002,0.4323315464362006
stationary,fines_accumulation,L1,2.0,30,0.7495,0.65925,-0.09025000000000005,0.832007315056125,3.2,11.0,11.473778563499312,0.1491085237707095,0.17921540000000002,0.40783104311316615
stationary,fines_accumulation,L1,2.0,32,0.7409166666666667,0.6695833333333333,-0.07133333333333336,0.8375507392556149,3.2,11.2,11.552868791734353,0.15010199075599073,0.17921540000000002,0.4170307044811133
stationary,fines_accumulation,L1,2.0,34,0.73975,0.6645833333333333,-0.07516666666666671,0.8431230465937375,3.2,11.4,11.632085860172884,0.15110063404451532,0.17921540000000002,0.40711076854614536
stationary,fines_accumulation,L1,2.0,36,0.7475833333333334,0.657,-0.09058333333333335,0.8487151951146258,3.2,11.6,11.711300556466503,0.15210283317854573,0.17921540000000002,0.3996084126085054
stationary,fines_accumulation,L1,2.0,38,0.7405,0.64175,-0.09875,0.8543188181366327,3.2,11.8,11.790395021363551,0.1531070887198839,0.17921540000000002,0.3592744284079467
stationary,fines_accumulation,L1,2.0,40,0.7420833333333333,0.6465833333333333,-0.09550000000000003,0.8599262055109999,3.2,12.0,11.86926228134402,0.15411201889113607,0.17921540000000002,0.35967404255521523
stationary,fines_accumulation,L1,2.0,42,0.7334166666666667,0.6454166666666666,-0.08800000000000008,0.8655302805579275,3.2,12.2,11.947805725859276,0.1551163554423012,0.17921540000000002,0.3666713522317417
stationary,fines_accumulation,L1,2.0,44,0.7395,0.6375,-0.10200000000000009,0.8711245738366118,3.2,12.4,12.02593854835187,0.15611893894995793,0.17921540000000002,0.33494486802319656
stationary,fines_accumulation,L1,2.0,46,0.7455,0.6321666666666667,-0.1133333333333334,0.8767031947146928,3.2,12.600000000000001,12.103583166727596,0.1571187137220716,0.17921540000000002,0.32202769797059355
stationary,fines_accumulation,L1,2.0,48,0.7365833333333334,0.6193333333333333,-0.11725000000000008,0.8822608015354225,3.2,12.8,12.180670635917377,0.15811472245149139,0.17921540000000002,0.281124842687073
stationary,fines_accumulation,L1,2.0,50,0.7414166666666666,0.61075,-0.1306666666666666,0.8877925710359588,3.2,13.0,12.257140062565918,0.1591061007352378,0.17921540000000002,0.26581784900162286
stationary,fines_accumulation,L2,4.5,0,0.48983333333333334,0.49816666666666665,0.008333333333333304,0.9994752004414753,3.2,14.0,15.75572751282236,0.2080367126451502,0.20814594754653132,-0.004319034442020734
stationary,fines_accumulation,L2,4.5,2,0.49566666666666664,0.4886666666666667,-0.006999999999999951,1.0049000467707023,3.2,14.2,15.830970151529089,0.2091658724246415,0.20814594754653132,-0.024613479672321168
stationary,fines_accumulation,L2,4.5,4,0.49316666666666664,0.4845,-0.008666666666666656,1.010279554151922,3.2,14.4,15.905371963829179,0.21028559508583902,0.20814594754653132,-0.037050531619558784
stationary,fines_accumulation,L2,4.5,6,0.5031666666666667,0.483,-0.020166666666666666,1.0156120744000465,3.2,14.6,15.978917345957672,0.21139553756569593,0.20814594754653132,-0.038335763034124136
stationary,fines_accumulation,L2,4.5,8,0.4836666666666667,0.4716666666666667,-0.01200000000000001,1.0208962212949804,3.2,14.8,16.051594383339175,0.21249541132811703,0.20814594754653132,-0.06065938453856507
stationary,fines_accumulation,L2,4.5,10,0.4881666666666667,0.46558333333333335,-0.022583333333333344,1.0261308487397347,3.2,15.0,16.12339449652951,0.21358497781765848,0.20814594754653132,-0.07476135300117133
stationary,fines_accumulation,L2,4.5,12,0.49316666666666664,0.46391666666666664,-0.029249999999999998,1.031315030259396,3.2,15.2,16.194312112886166,0.21466404419232163,0.20814594754653132,-0.08439565503176433
stationary,fines_accumulation,L2,4.5,14,0.48341666666666666,0.45116666666666666,-0.03225,1.0364480398133125,3.2,15.4,16.26434436291288,0.21573245932968693,0.20814594754653132,-0.1081400440556413
stationary,fines_accumulation,L2,4.5,16,0.498,0.45008333333333334,-0.04791666666666666,1.0415293338823526,3.2,15.6,16.333490800109878,0.21679011009844987,0.20814594754653132,-0.10641559753910855
stationary,fines_accumulation,L2,4.5,18,0.4925,0.44358333333333333,-0.048916666666666664,1.0465585347853872,3.2,15.8,16.401753143090726,0.21783691788581389,0.20814594754653132,-0.13320531234425517
stationary,fines_accumulation,L2,4.5,20,0.49583333333333335,0.44075,-0.05508333333333337,1.0515354151736485,3.2,16.0,16.46913503869021,0.21887283537005425,0.20814594754653132,-0.13188507101991995
stationary,fines_accumulation,L2,4.5,22,0.494,0.4235833333333333,-0.07041666666666668,1.0564598836479797,3.2,16.2,16.53564184477822,0.21989784352680697,0.20814594754653132,-0.16396902731752266
stationary,fines_accumulation,L2,4.5,24,0.483,0.435,-0.04799999999999999,1.0613319714418223,3.2,16.4,16.60128043150583,0.2209119488571862,0.20814594754653132,-0.13840442803267514
stationary,fines_accumulation,L2,4.5,26,0.4915833333333333,0.4251666666666667,-0.06641666666666662,1.0661518201118116,3.2,16.6,16.666058999737075,0.22191518082563202,0.20814594754653132,-0.15826527446379793
stationary,fines_accumulation,L2,4.5,28,0.49391666666666667,0.418,-0.07591666666666669,1.07091967017782,3.2,16.8,16.729986915458667,0.22290758949538114,0.20814594754653132,-0.1693478743555495
stationary,fines_accumulation,L2,4.5,30,0.4875,0.42141666666666666,-0.06608333333333333,1.07563585065499,3.2,17.0,16.793074559007557,0.22388924334960214,0.20814594754653132,-0.17029734097613214
stationary,fines_accumulation,L2,4.5,32,0.5,0.4221666666666667,-0.07783333333333331,1.080300769421575,3.2,17.2,16.855333188009293,0.22486022728650054,0.20814594754653132,-0.17688576842428674
stationary,fines_accumulation,L2,4.5,34,0.4876666666666667,0.40375,-0.0839166666666667,1.084914904368097,3.2,17.4,16.916774812977053,0.22582064077705197,0.20814594754653132,-0.21280020307977582
stationary,fines_accumulation,L2,4.5,36,0.49441666666666667,0.4076666666666667,-0.08675,1.089478795275355,3.2,17.6,16.977412084580198,0.22677059617444217,0.20814594754653132,-0.2117046247532899
stationary,fines_accumulation,L2,4.5,38,0.48925,0.4025,-0.08675,1.09399303637104,3.2,17.8,17.037258191650594,0.227710217164757,0.20814594754653132,-0.2138859631171574
stationary,fines_accumulation,L2,4.5,40,0.49425,0.3944166666666667,-0.09983333333333333,1.0984582695170848,3.2,18.0,17.096326769054144,0.2286396373489567,0.20814594754653132,-0.22552205089515232
stationary,fines_accumulation,L2,4.5,42,0.48383333333333334,0.39325,-0.09058333333333335,1.1028751779823418,3.2,18.2,17.15463181461303,0.2295589989466839,0.20814594754653132,-0.21359544794342197
stationary,fines_accumulation,L2,4.5,44,0.4861666666666667,0.38475,-0.10141666666666671,1.1072444807576565,3.2,18.4,17.212187614320314,0.23046845161296947,0.20814594754653132,-0.23894444400637588
stationary,fines_accumulation,L2,4.5,46,0.49525,0.38,-0.11525000000000002,1.1115669273728883,3.2,18.6,17.269008675142747,0.23136815135941619,0.20814594754653132,-0.24690843253249026
stationary,fines_accumulation,L2,4.5,48,0.49733333333333335,0.37216666666666665,-0.1251666666666667,1.1158432931778919,3.2,18.8,17.32510966475941,0.23225825957195426,0.20814594754653132,-0.27032475900368796
stationary,fines_accumulation,L2,4.5,50,0.49116666666666664,0.38133333333333336,-0.10983333333333328,1.1200743750518254,3.2,19.0,17.380505357632615,0.2331389421177511,0.20814594754653132,-0.2552530846137019
stationary,fines_accumulation,L3,8.0,0,0.21883333333333332,0.21658333333333332,-0.002250000000000002,1.3381792659509093,3.2,21.0,23.330086030389968,0.33793331155619627,0.2525321682637648,-0.6128815510695064
stationary,fines_accumulation,L3,8.0,2,0.225,0.22175,-0.003250000000000003,1.3424269473974852,3.2,21.2,23.38558035417299,0.33900598776199387,0.2525321682637648,-0.595605785574224
stationary,fines_accumulation,L3,8.0,4,0.21675,0.20675,-0.010000000000000009,1.346643217068593,3.2,21.4,23.440574480982843,0.34007073148402345,0.2525321682637648,-0.6133329173253461
stationary,fines_accumulation,L3,8.0,6,0.22458333333333333,0.20725,-0.01733333333333334,1.3508288980237066,3.2,21.6,23.495081550076552,0.34112775057127864,0.2525321682637648,-0.5986814223168112
stationary,fines_accumulation,L3,8.0,8,0.21841666666666668,0.20125,-0.017166666666666663,1.3549848041145727,3.2,21.8,23.549114475577678,0.34217725054750564,0.2525321682637648,-0.6501967711390849
stationary,fines_accumulation,L3,8.0,10,0.22441666666666665,0.20841666666666667,-0.015999999999999986,1.3591117392400858,3.2,22.0,23.602685940434384,0.3432194344230354,0.2525321682637648,-0.6309495446243923
stationary,fines_accumulation,L3,8.0,12,0.22258333333333333,0.20275,-0.019833333333333314,1.3632104967032024,3.2,22.2,23.65580839166043,0.3442545025323835,0.2525321682637648,-0.6402824602919761
stationary,fines_accumulation,L3,8.0,14,0.21716666666666667,0.20408333333333334,-0.013083333333333336,1.3672818586604796,3.2,22.4,23.708494036724854,0.3452826523952413,0.2525321682637648,-0.6530370321490624
stationary,fines_accumulation,L3,8.0,16,0.22033333333333333,0.20258333333333334,-0.017749999999999988,1.3713265956556302,3.2,22.6,23.760754840968588,0.34630407859868334,0.2525321682637648,-0.6347813621561164
stationary,fines_accumulation,L3,8.0,18,0.21933333333333332,0.19591666666666666,-0.02341666666666667,1.3753454662291933,3.2,22.8,23.812602525937308,0.3473189726985967,0.2525321682637648,-0.6453708405631303
stationary,fines_accumulation,L3,8.0,20,0.21291666666666667,0.18925,-0.02366666666666667,1.379339216597062,3.2,23.0,23.864048568529853,0.34832752313849874,0.2525321682637648,-0.6769581853844289
stationary,fines_accumulation,L3,8.0,22,0.21966666666666668,0.1945,-0.02516666666666667,1.383308580391257,3.2,23.2,23.915104200871095,0.3493299151840745,0.2525321682637648,-0.654928605745465
stationary,fines_accumulation,L3,8.0,24,0.21475,0.19316666666666665,-0.021583333333333343,1.3872542784568571,3.2,23.4,23.965780410826447,0.35032633087189463,0.2525321682637648,-0.6576037351555691
stationary,fines_accumulation,L3,8.0,26,0.21508333333333332,0.18641666666666667,-0.028666666666666646,1.3911770186995405,3.2,23.6,24.016087943083082,0.35131694897091503,0.2525321682637648,-0.6708831328645336
stationary,fines_accumulation,L3,8.0,28,0.2195,0.18591666666666667,-0.033583333333333326,1.3950774959786514,3.2,23.8,24.066037300729878,0.35230194495547246,0.2525321682637648,-0.6770241452754044
stationary,fines_accumulation,L3,8.0,30,0.21725,0.18008333333333335,-0.03716666666666665,1.3989563920411558,3.2,24.0,24.115638747274726,0.35328149098860645,0.2525321682637648,-0.6913049124809304
stationary,fines_accumulation,L3,8.0,32,0.21833333333333332,0.18658333333333332,-0.03175,1.4028143754922366,3.2,24.2,24.16490230904355,0.35425575591463365,0.2525321682637648,-0.6860608050789527
stationary,fines_accumulation,L3,8.0,34,0.21433333333333332,0.18441666666666667,-0.029916666666666647,1.40665210179866,3.2,24.4,24.213837777910857,0.3552249052599976,0.2525321682637648,-0.6871475649823889
stationary,fines_accumulation,L3,8.0,36,0.21558333333333332,0.17991666666666667,-0.03566666666666665,1.4104702133213813,3.2,24.6,24.26245471431651,0.35618910124150327,0.2525321682637648,-0.6964798601113245
stationary,fines_accumulation,L3,8.0,38,0.21708333333333332,0.17558333333333334,-0.04149999999999998,1.4142693393741586,3.2,24.8,24.31076245052775,0.3571485027811185,0.2525321682637648,-0.723647781779504
stationary,fines_accumulation,L3,8.0,40,0.21625,0.17116666666666666,-0.045083333333333336,1.4180500963052514,3.2,25.0,24.35877009410977,0.3581032655266056,0.2525321682637648,-0.6889851780797096
stationary,fines_accumulation,L3,8.0,42,0.22025,0.17041666666666666,-0.04983333333333334,1.4218130875995099,3.2,25.2,24.40648653157149,0.3590535418773024,0.2525321682637648,-0.7333548981461885
stationary,fines_accumulation,L3,8.0,44,0.22875,0.16466666666666666,-0.06408333333333335,1.4255589039984387,3.2,25.4,24.453920432156913,0.35999948101444185,0.2525321682637648,-0.7263667932544788
stationary,fines_accumulation,L3,8.0,46,0.22341666666666668,0.16233333333333333,-0.06108333333333335,1.4292881236360047,3.2,25.6,24.501080251755134,0.36094122893544817,0.2525321682637648,-0.7323280887372933
stationary,fines_accumulation,L3,8.0,48,0.22075,0.16333333333333333,-0.05741666666666667,1.4330013121881802,3.2,25.8,24.547974236905063,0.3618789284917012,0.2525321682637648,-0.7278282153598981
stationary,fines_accumulation,L3,8.0,50,0.21783333333333332,0.16783333333333333,-0.04999999999999999,1.436699023034402,3.2,26.0,24.594610428873402,0.36281271942931004,0.2525321682637648,-0.7522396215353051
stationary,fines_accumulation,L4,12.5,0,0.03933333333333333,0.041,0.0016666666666666705,1.9234196628931783,3.2,28.0,31.877396808363123,0.49107142857142855,0.25531164001555773,-1.228481492319077
stationary,fines_accumulation,L4,12.5,2,0.03716666666666667,0.03858333333333333,0.0014166666666666633,1.9234196628931783,3.2,28.2,31.93121515341263,0.49107142857142855,0.25531164001555773,-1.2329954064306303
stationary,fines_accumulation,L4,12.5,4,0.03908333333333333,0.034833333333333334,-0.004249999999999997,1.9234196628931783,3.2,28.4,31.984891600275596,0.49107142857142855,0.25531164001555773,-1.2438537041732731
stationary,fines_accumulation,L4,12.5,6,0.038,0.03933333333333333,0.0013333333333333322,1.9234196628931783,3.2,28.6,32.0384317792295,0.49107142857142855,0.25531164001555773,-1.2460561193917792
stationary,fines_accumulation,L4,12.5,8,0.04008333333333333,0.04083333333333333,0.0007500000000000007,1.9234196628931783,3.2,28.8,32.091841173603314,0.49107142857142855,0.25531164001555773,-1.2315198855874554
stationary,fines_accumulation,L4,12.5,10,0.043,0.03925,-0.0037499999999999964,1.9234196628931783,3.2,29.0,32.145125123499355,0.49107142857142855,0.25531164001555773,-1.2367138824534685
stationary,fines_accumulation,L4,12.5,12,0.03841666666666667,0.03875,0.0003333333333333313,1.9234196628931783,3.2,29.2,32.19828882944759,0.49107142857142855,0.25531164001555773,-1.2301525039471741
stationary,fines_accumulation,L4,12.5,14,0.03991666666666667,0.03808333333333333,-0.0018333333333333396,1.9234196628931783,3.2,29.4,32.251337355990664,0.49107142857142855,0.25531164001555773,-1.2348162748740963
stationary,fines_accumulation,L4,12.5,16,0.03791666666666667,0.03716666666666667,-0.0007500000000000007,1.9234196628931783,3.2,29.6,32.30427563519811,0.49107142857142855,0.25531164001555773,-1.2346733878495983
stationary,fines_accumulation,L4,12.5,18,0.04016666666666667,0.036,-0.004166666666666673,1.9234196628931783,3.2,29.8,32.357108470108756,0.49107142857142855,0.25531164001555773,-1.230162120094867
stationary,fines_accumulation,L4,12.5,20,0.03741666666666667,0.03675,-0.0006666666666666696,1.9234196628931783,3.2,30.0,32.4098405381004,0.49107142857142855,0.25531164001555773,-1.2336553953403226
stationary,fines_accumulation,L4,12.5,22,0.037,0.03691666666666667,-8.33333333333311e-05,1.9234196628931783,3.2,30.2,32.46247639418644,0.49107142857142855,0.25531164001555773,-1.230170838109068
stationary,fines_accumulation,L4,12.5,24,0.0415,0.035416666666666666,-0.006083333333333336,1.9234196628931783,3.2,30.4,32.51502047423912,0.49107142857142855,0.25531164001555773,-1.2501921989668845
stationary,fines_accumulation,L4,12.5,26,0.03691666666666667,0.0375,0.0005833333333333315,1.9234196628931783,3.2,30.6,32.56747709813939,0.49107142857142855,0.25531164001555773,-1.2655251722003527
stationary,fines_accumulation,L4,12.5,28,0.03725,0.03641666666666667,-0.0008333333333333318,1.9234196628931783,3.2,30.8,32.61985047285365,0.49107142857142855,0.25531164001555773,-1.2780775432123936
stationary,fines_accumulation,L4,12.5,30,0.042666666666666665,0.035166666666666666,-0.0075,1.9234196628931783,3.2,31.0,32.67214469543765,0.49107142857142855,0.25531164001555773,-1.236057233633939
stationary,fines_accumulation,L4,12.5,32,0.03725,0.03241666666666667,-0.004833333333333328,1.9234196628931783,3.2,31.2,32.724363755968184,0.49107142857142855,0.25531164001555773,-1.2191275332618323
stationary,fines_accumulation,L4,12.5,34,0.042,0.035833333333333335,-0.0061666666666666675,1.9234196628931783,3.2,31.4,32.776511540403035,0.49107142857142855,0.25531164001555773,-1.284685662513786
stationary,fines_accumulation,L4,12.5,36,0.0405,0.033916666666666664,-0.006583333333333337,1.9234196628931783,3.2,31.6,32.82859183337026,0.49107142857142855,0.25531164001555773,-1.256263936408621
stationary,fines_accumulation,L4,12.5,38,0.043333333333333335,0.036083333333333335,-0.0072499999999999995,1.9234196628931783,3.2,31.8,32.880608320887376,0.49107142857142855,0.25531164001555773,-1.2919004048408265
stationary,fines_accumulation,L4,12.5,40,0.04016666666666667,0.0355,-0.004666666666666673,1.9234196628931783,3.2,32.0,32.93256459301162,0.49107142857142855,0.25531164001555773,-1.2552159569522825
stationary,fines_accumulation,L4,12.5,42,0.04025,0.03133333333333333,-0.00891666666666667,1.9234196628931783,3.2,32.2,32.984464146422226,0.49107142857142855,0.25531164001555773,-1.2613315901108675
stationary,fines_accumulation,L4,12.5,44,0.0385,0.0325,-0.005999999999999998,1.9234196628931783,3.2,32.4,33.03631038693587,0.49107142857142855,0.25531164001555773,-1.2717910723695875
stationary,fines_accumulation,L4,12.5,46,0.03758333333333334,0.034333333333333334,-0.003250000000000003,1.9234196628931783,3.2,32.6,33.0881066319564,0.49107142857142855,0.25531164001555773,-1.258598904696136
stationary,fines_accumulation,L4,12.5,48,0.040916666666666664,0.03383333333333333,-0.00708333333333333,1.9234196628931783,3.2,32.8,33.13985611286015,0.49107142857142855,0.25531164001555773,-1.2710611888682122
stationary,fines_accumulation,L4,12.5,50,0.03941666666666667,0.033,-0.006416666666666668,1.9234196628931783,3.2,33.0,33.191561977317875,0.49107142857142855,0.25531164001555773,-1.3026791516110487
stationary,fines_washout,L1,2.0,0,0.735,0.7386666666666667,0.003666666666666707,0.7603740083287055,3.2,8.0,10.42484444292229,0.1362707320522323,0.17921540000000002,0.6446580693439669
stationary,fines_washout,L1,2.0,2,0.7428333333333333,0.7433333333333333,0.0004999999999999449,0.7576350750499143,3.2,7.84,10.383690676437654,0.13577987302910044,0.17921540000000002,0.6597338437181911
stationary,fines_washout,L1,2.0,4,0.7345833333333334,0.7421666666666666,0.007583333333333275,0.7550496642443109,3.2,7.68,10.34476899976154,0.1353165275974099,0.17921540000000002,0.6629101639796243
stationary,fines_washout,L1,2.0,6,0.73975,0.7476666666666667,0.007916666666666683,0.7526214874688109,3.2,7.52,10.308147983123293,0.13488136092531794,0.17921540000000002,0.6671899006824621
stationary,fines_washout,L1,2.0,8,0.74425,0.7494166666666666,0.005166666666666653,0.75035322358243,3.2,7.36,10.273880316142437,0.13447485310561463,0.17921540000000002,0.6924043601083746
stationary,fines_washout,L1,2.0,10,0.7381666666666666,0.7576666666666667,0.019500000000000073,0.7482463831037385,3.2,7.2,10.24200055436703,0.13409727484648976,0.17921540000000002,0.7105008845149248
stationary,fines_washout,L1,2.0,12,0.7478333333333333,0.7568333333333334,0.009000000000000008,0.7463011808338809,3.2,7.04,10.212522997936011,0.13374866464361632,0.17921540000000002,0.7005722306615171
stationary,fines_washout,L1,2.0,14,0.7449166666666667,0.75725,0.012333333333333307,0.7445164234151972,3.2,6.88,10.18543981136113,0.13342880862892395,0.17921540000000002,0.7103035191505325
stationary,fines_washout,L1,2.0,16,0.7468333333333333,0.7624166666666666,0.015583333333333282,0.7428894195946009,3.2,6.72,10.160719510192207,0.13313722448841425,0.17921540000000002,0.755130987295967
stationary,fines_washout,L1,2.0,18,0.74075,0.7611666666666667,0.02041666666666664,0.7414159218654557,3.2,6.5600000000000005,10.138305953597603,0.1328731510034864,0.17921540000000002,0.7527085112851862
stationary,fines_washout,L1,2.0,20,0.74625,0.7654166666666666,0.019166666666666665,0.7400901086950901,3.2,6.4,10.118117988912719,0.13263554486583407,0.17921540000000002,0.762351209883796
stationary,fines_washout,L1,2.0,22,0.7350833333333333,0.7638333333333334,0.028750000000000053,0.7389046164881544,3.2,6.24,10.100049891648986,0.13242308640577122,0.17921540000000002,0.7430804508553878
stationary,fines_washout,L1,2.0,24,0.735,0.7673333333333333,0.032333333333333325,0.7378506295381766,3.2,6.08,10.083972728577265,0.13223419571293615,0.17921540000000002,0.7480827555857869
stationary,fines_washout,L1,2.0,26,0.7445833333333334,0.7635,0.01891666666666658,0.7369180342235095,3.2,5.92,10.069736738548434,0.13206706027057996,0.17921540000000002,0.7479328414012869
stationary,fines_washout,L1,2.0,28,0.7444166666666666,0.7713333333333333,0.0269166666666667,0.7360956403887349,3.2,5.76,10.057174772573136,0.1319196746305233,0.17921540000000002,0.7733473568331817
stationary,fines_washout,L1,2.0,30,0.7474166666666666,0.77425,0.026833333333333376,0.7353714680990884,3.2,5.6,10.046106759830883,0.1317898918039654,0.17921540000000002,0.7896083932474204
stationary,fines_washout,L1,2.0,32,0.7356666666666667,0.773,0.03733333333333333,0.7347330918310402,3.2,5.4399999999999995,10.036345071044614,0.1316754849457366,0.17921540000000002,0.7884840016473456
stationary,fines_washout,L1,2.0,34,0.7435833333333334,0.77375,0.030166666666666675,0.734168027017403,3.2,5.279999999999999,10.027700540629505,0.1315742166291347,0.17921540000000002,0.7769184667083717
stationary,fines_washout,L1,2.0,36,0.74425,0.7694166666666666,0.02516666666666667,0.7336641364215407,3.2,5.12,10.019988795324702,0.131483911674441,0.17921540000000002,0.7801571387102413
stationary,fines_washout,L1,2.0,38,0.7505833333333334,0.7778333333333334,0.027249999999999996,0.7323589379037738,3.2,4.96,10.0,0.13125,0.17921540000000002,0.781096026543614
stationary,fines_washout,L1,2.0,40,0.7441666666666666,0.7766666666666666,0.03249999999999997,0.7323589379037738,3.2,4.8,10.0,0.13125,0.17921540000000002,0.805909781376055
stationary,fines_washout,L1,2.0,42,0.7408333333333333,0.7901666666666667,0.04933333333333334,0.7323589379037738,3.2,4.640000000000001,10.0,0.13125,0.17921540000000002,0.823682811116981
stationary,fines_washout,L1,2.0,44,0.75,0.7900833333333334,0.04008333333333336,0.7323589379037738,3.2,4.48,10.0,0.13125,0.17921540000000002,0.8378915560014288
stationary,fines_washout,L1,2.0,46,0.74775,0.7799166666666667,0.03216666666666668,0.7323589379037738,3.2,4.32,10.0,0.13125,0.17921540000000002,0.793442141583343
stationary,fines_washout,L1,2.0,48,0.7441666666666666,0.78475,0.040583333333333305,0.7323589379037738,3.2,4.16,10.0,0.13125,0.17921540000000002,0.8279250186665966
stationary,fines_washout,L1,2.0,50,0.7301666666666666,0.7858333333333334,0.05566666666666675,0.7323589379037738,3.2,4.0,10.0,0.13125,0.17921540000000002,0.8167897511090411
stationary,fines_washout,L2,4.5,0,0.49425,0.4979166666666667,0.0036666666666666514,0.9994752004414753,3.2,14.0,15.75572751282236,0.2080367126451502,0.20814594754653132,-0.005572622079903094
stationary,fines_washout,L2,4.5,2,0.495,0.5010833333333333,0.0060833333333333295,0.9951039683430672,3.2,13.84,15.694941080499028,0.20712685839808123,0.20814594754653132,0.0012552259243097574
stationary,fines_washout,L2,4.5,4,0.5004166666666666,0.4980833333333333,-0.0023333333333332984,0.9907060821254128,3.2,13.68,15.633641140983045,0.20621145620410572,0.20814594754653132,-0.0036261296060717246
stationary,fines_washout,L2,4.5,6,0.4910833333333333,0.5084166666666666,0.01733333333333331,0.986282808457978,3.2,13.52,15.5718417860211,0.20529076971533988,0.20814594754653132,0.018960226877859962
stationary,fines_washout,L2,4.5,8,0.49875,0.5146666666666667,0.01591666666666669,0.9818355580438081,3.2,13.36,15.509559231668065,0.20436509256390578,0.20814594754653132,0.03598590913864359
stationary,fines_washout,L2,4.5,10,0.48875,0.5200833333333333,0.031333333333333324,0.9773658947136176,3.2,13.2,15.446811974504868,0.2034347502548293,0.20814594754653132,0.04344601411141741
stationary,fines_washout,L2,4.5,12,0.4935833333333333,0.5264166666666666,0.032833333333333325,0.9728755448177672,3.2,13.04,15.383620954823414,0.20250010212094205,0.20814594754653132,0.060019746792163334
stationary,fines_washout,L2,4.5,14,0.49041666666666667,0.529,0.03858333333333336,0.9683664068854159,3.2,12.879999999999999,15.320009726465749,0.20156154333339477,0.20814594754653132,0.06270377223549714
stationary,fines_washout,L2,4.5,16,0.49383333333333335,0.5288333333333334,0.03500000000000003,0.9638405615110373,3.2,12.72,15.256004632857723,0.20061950695949565,0.20814594754653132,0.061425394178864536
stationary,fines_washout,L2,4.5,18,0.49575,0.52975,0.03400000000000003,0.9593002814179088,3.2,12.56,15.191634988603479,0.1996744660573848,0.20814594754653132,0.06476834249928738
stationary,fines_washout,L2,4.5,20,0.4881666666666667,0.54225,0.05408333333333332,0.9547480416359542,3.2,12.4,15.126933265802613,0.1987269357945108,0.20814594754653132,0.08691559073985286
stationary,fines_washout,L2,4.5,22,0.4925833333333333,0.5336666666666666,0.041083333333333305,0.9501865297172105,3.2,12.24,15.061935284012394,0.19777747557393913,0.20814594754653132,0.07561597280527947
stationary,fines_washout,L2,4.5,24,0.4861666666666667,0.54625,0.06008333333333332,0.9456186558960263,3.2,12.08,14.996680402499484,0.19682669114915574,0.20814594754653132,0.09905658952446511
stationary,fines_washout,L2,4.5,26,0.49466666666666664,0.54275,0.04808333333333331,0.94104756308262,3.2,11.92,14.931211713104048,0.19587523670418616,0.20814594754653132,0.1012623025449389
stationary,fines_washout,L2,4.5,28,0.49283333333333335,0.5505,0.057666666666666644,0.9364766365576495,3.2,11.76,14.865576231669987,0.19492381687148058,0.20814594754653132,0.10523945758740408
stationary,fines_washout,L2,4.5,30,0.4900833333333333,0.5628333333333333,0.07274999999999998,0.931909513211689,3.2,11.6,14.79982508557335,0.19397318865507376,0.20814594754653132,0.15377558635312416
stationary,fines_washout,L2,4.5,32,0.4980833333333333,0.5611666666666667,0.06308333333333338,0.9273500901468078,3.2,11.44,14.734013694402442,0.19302416322096855,0.20814594754653132,0.14006045558596789
stationary,fines_washout,L2,4.5,34,0.49475,0.5736666666666667,0.07891666666666663,0.922802532427555,3.2,11.28,14.668201940303987,0.19207760751047212,0.20814594754653132,0.16494269374029885
stationary,fines_washout,L2,4.5,36,0.4930833333333333,0.5738333333333333,0.08074999999999999,0.918271279735431,3.2,11.120000000000001,14.602454323905945,0.19113444562529722,0.20814594754653132,0.1708853670001972
stationary,fines_washout,L2,4.5,38,0.49716666666666665,0.5795,0.08233333333333337,0.9137610516442474,3.2,10.96,14.53684010105788,0.1901956599256068,0.20814594754653132,0.1739914193284805
stationary,fines_washout,L2,4.5,40,0.4925,0.5860833333333333,0.0935833333333333,0.9092768511936308,3.2,10.8,14.471433394892795,0.18926229177382464,0.20814594754653132,0.201188640318223
stationary,fines_washout,L2,4.5,42,0.49716666666666665,0.5831666666666667,0.08600000000000008,0.9048239663943679,3.2,10.64,14.40631327691214,0.18833544184796652,0.20814594754653132,0.19930806091967446
stationary,fines_washout,L2,4.5,44,0.49175,0.5904166666666667,0.09866666666666668,0.9004079692526239,3.2,10.48,14.341563809933442,0.18741626993853544,0.20814594754653132,0.21485578369422614
stationary,fines_washout,L2,4.5,46,0.4925,0.5816666666666667,0.08916666666666667,0.8960347118507037,3.2,10.32,14.277274044826223,0.18650599413274788,0.20814594754653132,0.19500159324779878
stationary,fines_washout,L2,4.5,48,0.49241666666666667,0.6030833333333333,0.11066666666666664,0.8917103189707839,3.2,10.16,14.213537962011895,0.1856058892791935,0.20814594754653132,0.22875951341577488
stationary,fines_washout,L2,4.5,50,0.49433333333333335,0.5983333333333334,0.10400000000000004,0.8874411766960202,3.2,10.0,14.150454347738503,0.18471728461520184,0.20814594754653132,0.24078056385635693
stationary,fines_washout,L3,8.0,0,0.21983333333333333,0.2165,-0.003333333333333327,1.3381792659509093,3.2,21.0,23.330086030389968,0.33793331155619627,0.2525321682637648,-0.6266197141059685
stationary,fines_washout,L3,8.0,2,0.22383333333333333,0.22158333333333333,-0.002250000000000002,1.3347579458641152,3.2,20.84,23.28532146078438,0.3370693181763538,0.2525321682637648,-0.6032702277354823
stationary,fines_washout,L3,8.0,4,0.21875,0.22116666666666668,0.002416666666666678,1.331315561152943,3.2,20.68,23.240221285354465,0.33620000530124344,0.2525321682637648,-0.5934324272877393
stationary,fines_washout,L3,8.0,6,0.21758333333333332,0.224,0.006416666666666682,1.3278516800287752,3.2,20.52,23.19477848675734,0.3353252638903494,0.2525321682637648,-0.5943626700596075
stationary,fines_washout,L3,8.0,8,0.213,0.22358333333333333,0.010583333333333333,1.3243658684410746,3.2,20.36,23.1489859696384,0.3344449843319484,0.2525321682637648,-0.5787943377287885
stationary,fines_washout,L3,8.0,10,0.21425,0.234,0.019750000000000018,1.3208576905176703,3.2,20.2,23.102836565167518,0.3335590565542961,0.2525321682637648,-0.5588603981140323
stationary,fines_washout,L3,8.0,12,0.2155,0.22816666666666666,0.01266666666666666,1.3173267090493652,3.2,20.04,23.056323036169815,0.3326673701480058,0.2525321682637648,-0.5934348519627258
stationary,fines_washout,L3,8.0,14,0.21641666666666667,0.23775,0.021333333333333315,1.3137724860221984,3.2,19.88,23.009438082901355,0.3317698145004624,0.2525321682637648,-0.5709591189372291
stationary,fines_washout,L3,8.0,16,0.21358333333333332,0.22791666666666666,0.014333333333333337,1.3101945832009438,3.2,19.72,22.962174349524183,0.33086627894317394,0.2525321682637648,-0.5635324279868645
stationary,fines_washout,L3,8.0,18,0.21733333333333332,0.23841666666666667,0.021083333333333343,1.3065925627676491,3.2,19.56,22.914524431338858,0.3299566529130236,0.2525321682637648,-0.5601014647474228
stationary,fines_washout,L3,8.0,20,0.22066666666666668,0.23566666666666666,0.014999999999999986,1.302965988019276,3.2,19.4,22.86648088283719,0.3290408261284464,0.2525321682637648,-0.5539958548110496
stationary,fines_washout,L3,8.0,22,0.219,0.24166666666666667,0.02266666666666667,1.299314424128782,3.2,19.24,22.818036226642423,0.3281186887816262,0.2525321682637648,-0.5498757447476157
stationary,fines_washout,L3,8.0,24,0.21641666666666667,0.24008333333333334,0.02366666666666667,1.2956374389742413,3.2,19.08,22.769182963408955,0.32719013174787637,0.2525321682637648,-0.553285056665193
stationary,fines_washout,L3,8.0,26,0.21966666666666668,0.24958333333333332,0.029916666666666647,1.2919346040409312,3.2,18.92,22.719913582759048,0.32625504681344475,0.2525321682637648,-0.5142630336041022
stationary,fines_washout,L3,8.0,28,0.2185,0.24783333333333332,0.029333333333333322,1.288205495401579,3.2,18.759999999999998,22.670220575339286,0.325313326923058,0.2525321682637648,-0.5359276687422638
stationary,fines_washout,L3,8.0,30,0.21566666666666667,0.25483333333333336,0.03916666666666668,1.2844496947803439,3.2,18.6,22.620096446085714,0.3243648664486111,0.2525321682637648,-0.5235992424509404
stationary,fines_washout,L3,8.0,32,0.21683333333333332,0.25575,0.038916666666666655,1.2806667907064053,3.2,18.44,22.569533728792564,0.3234095614804856,0.2525321682637648,-0.5162189521973006
stationary,fines_washout,L3,8.0,34,0.21825,0.2565,0.038250000000000006,1.276856379763405,3.2,18.28,22.518525002086154,0.3224473101430737,0.2525321682637648,-0.5270725568622413
stationary,fines_washout,L3,8.0,36,0.21325,0.26116666666666666,0.04791666666666666,1.2730180679413807,3.2,18.12,22.46706290691258,0.3214780129361855,0.2525321682637648,-0.50634188942085
stationary,fines_washout,L3,8.0,38,0.21166666666666667,0.26316666666666666,0.05149999999999999,1.2691514720981802,3.2,17.96,22.415140165654954,0.32050157310410243,0.2525321682637648,-0.49960047428198723
stationary,fines_washout,L3,8.0,40,0.21516666666666667,0.26975,0.05458333333333332,1.2652562215377776,3.2,17.8,22.36274960300377,0.31951789703415334,0.2525321682637648,-0.49999971618150757
stationary,fines_washout,L3,8.0,42,0.21575,0.25866666666666666,0.04291666666666666,1.2613319597133137,3.2,17.64,22.309884168711996,0.31852689468678674,0.2525321682637648,-0.5146079323507491
stationary,fines_washout,L3,8.0,44,0.21583333333333332,0.26908333333333334,0.05325000000000002,1.2573783460631132,3.2,17.48,22.25653696237491,0.31752848005922435,0.2525321682637648,-0.4864141710273511
stationary,fines_washout,L3,8.0,46,0.21683333333333332,0.27225,0.05541666666666667,1.2533950579883584,3.2,17.32,22.202701260383364,0.31652257168488734,0.2525321682637648,-0.4870780102803989
stationary,fines_washout,L3,8.0,48,0.21975,0.2825,0.06274999999999997,1.2493817929815618,3.2,17.16,22.14837054520852,0.3155090931709039,0.2525321682637648,-0.47145671220289537
stationary,fines_washout,L3,8.0,50,0.214,0.28208333333333335,0.06808333333333336,1.2453382709153948,3.2,17.0,22.093538537185058,0.3144879737761124,0.2525321682637648,-0.467624789544348
stationary,fines_washout,L4,12.5,0,0.03916666666666667,0.041833333333333333,0.0026666666666666644,1.9234196628931783,3.2,28.0,31.877396808363123,0.49107142857142855,0.25531164001555773,-1.2362393525472435
stationary,fines_washout,L4,12.5,2,0.04566666666666667,0.043333333333333335,-0.002333333333333333,1.9234196628931783,3.2,27.84,31.834236085951183,0.49107142857142855,0.25531164001555773,-1.2121258287722096
stationary,fines_washout,L4,12.5,4,0.04158333333333333,0.04,-0.0015833333333333324,1.9234196628931783,3.2,27.68,31.790977820887605,0.49107142857142855,0.25531164001555773,-1.188965282403817
stationary,fines_washout,L4,12.5,6,0.03991666666666667,0.04041666666666666,0.0004999999999999935,1.9234196628931783,3.2,27.52,31.747618917645063,0.49107142857142855,0.25531164001555773,-1.2362649741999585
stationary,fines_washout,L4,12.5,8,0.04175,0.03916666666666667,-0.0025833333333333333,1.9234196628931783,3.2,27.36,31.70415621480726,0.49107142857142855,0.25531164001555773,-1.2135162492913691
stationary,fines_washout,L4,12.5,10,0.03825,0.041416666666666664,0.003166666666666665,1.9234196628931783,3.2,27.2,31.660586483761477,0.49107142857142855,0.25531164001555773,-1.2187706132715483
stationary,fines_washout,L4,12.5,12,0.03841666666666667,0.04058333333333333,0.002166666666666664,1.9234196628931783,3.2,27.04,31.61690642737865,0.49107142857142855,0.25531164001555773,-1.2303957923839484
stationary,fines_washout,L4,12.5,14,0.0365,0.04108333333333333,0.004583333333333335,1.9234196628931783,3.2,26.88,31.573112678681778,0.49107142857142855,0.25531164001555773,-1.2089468509603252
stationary,fines_washout,L4,12.5,16,0.03858333333333333,0.042666666666666665,0.004083333333333335,1.9234196628931783,3.2,26.72,31.529201799504275,0.49107142857142855,0.25531164001555773,-1.2086553630848584
stationary,fines_washout,L4,12.5,18,0.044333333333333336,0.04016666666666667,-0.004166666666666666,1.9234196628931783,3.2,26.56,31.48517027913958,0.49107142857142855,0.25531164001555773,-1.2214960298157704
stationary,fines_washout,L4,12.5,20,0.03975,0.041416666666666664,0.0016666666666666635,1.9234196628931783,3.2,26.4,31.441014532983754,0.49107142857142855,0.25531164001555773,-1.2293364437179874
stationary,fines_washout,L4,12.5,22,0.03875,0.041166666666666664,0.002416666666666664,1.9234196628931783,3.2,26.24,31.396730901172905,0.49107142857142855,0.25531164001555773,-1.2079403418636572
stationary,fines_washout,L4,12.5,24,0.042666666666666665,0.04425,0.0015833333333333324,1.9234196628931783,3.2,26.08,31.35231564721747,0.49107142857142855,0.25531164001555773,-1.2263886355292
stationary,fines_washout,L4,12.5,26,0.04108333333333333,0.04558333333333333,0.004499999999999997,1.9234196628931783,3.2,25.92,31.307764956635598,0.49107142857142855,0.25531164001555773,-1.1990975267682378
stationary,fines_washout,L4,12.5,28,0.03983333333333333,0.04541666666666667,0.005583333333333336,1.9234196628931783,3.2,25.759999999999998,31.263074935588158,0.49107142857142855,0.25531164001555773,-1.2042337122824758
stationary,fines_washout,L4,12.5,30,0.0405,0.044583333333333336,0.004083333333333335,1.9234196628931783,3.2,25.6,31.218241609518117,0.49107142857142855,0.25531164001555773,-1.203425914814892
stationary,fines_washout,L4,12.5,32,0.0395,0.04725,0.00775,1.9234196628931783,3.2,25.44,31.173260921797247,0.49107142857142855,0.25531164001555773,-1.1922709348450258
stationary,fines_washout,L4,12.5,34,0.04066666666666666,0.048,0.0073333333333333375,1.9234196628931783,3.2,25.28,31.128128732383605,0.49107142857142855,0.25531164001555773,-1.1846949640905537
stationary,fines_washout,L4,12.5,36,0.041666666666666664,0.04675,0.0050833333333333355,1.9234196628931783,3.2,25.12,31.082840816493245,0.49107142857142855,0.25531164001555773,-1.1843013412839911
stationary,fines_washout,L4,12.5,38,0.03808333333333333,0.049,0.010916666666666672,1.9234196628931783,3.2,24.96,31.03739286329037,0.49107142857142855,0.25531164001555773,-1.181462999122208
stationary,fines_washout,L4,12.5,40,0.04,0.04741666666666667,0.007416666666666669,1.9234196628931783,3.2,24.8,30.991780474600038,0.49107142857142855,0.25531164001555773,-1.19925552322855
stationary,fines_washout,L4,12.5,42,0.04108333333333333,0.04808333333333333,0.006999999999999999,1.9234196628931783,3.2,24.64,30.94599916364845,0.49107142857142855,0.25531164001555773,-1.1933969885430347
stationary,fines_washout,L4,12.5,44,0.03908333333333333,0.04816666666666667,0.009083333333333339,1.9234196628931783,3.2,24.48,30.900044353835774,0.49107142857142855,0.25531164001555773,-1.162117967866747
stationary,fines_washout,L4,12.5,46,0.0425,0.050583333333333334,0.008083333333333331,1.9234196628931783,3.2,24.32,30.853911377547366,0.49107142857142855,0.25531164001555773,-1.1834769712605675
stationary,fines_washout,L4,12.5,48,0.03958333333333333,0.050833333333333335,0.011250000000000003,1.9234196628931783,3.2,24.16,30.80759547500948,0.49107142857142855,0.25531164001555773,-1.153139402190152
stationary,fines_washout,L4,12.5,50,0.041833333333333333,0.051166666666666666,0.009333333333333332,1.9234196628931783,3.2,24.0,30.76109179319628,0.49107142857142855,0.25531164001555773,-1.1762084406447675
rising,constant,L1,2.0,0,0.74225,0.7445833333333334,0.0023333333333334094,0.7603740083287055,3.2,8.0,10.42484444292229,0.1362707320522323,0.17921540000000002,0.6716978700632831
rising,constant,L1,2.0,2,0.7420833333333333,0.7493333333333333,0.007249999999999979,0.7603740083287055,3.1300000000000003,8.0,10.42484444292229,0.1362707320522323,0.17921540000000002,0.6676037663075355
rising,constant,L1,2.0,4,0.74725,0.748,0.0007500000000000284,0.7603740083287055,3.06,8.0,10.42484444292229,0.1362707320522323,0.17921540000000002,0.674430184574445
rising,constant,L1,2.0,6,0.7463333333333333,0.7413333333333333,-0.0050000000000000044,0.7603740083287055,2.99,8.0,10.42484444292229,0.1362707320522323,0.17921540000000002,0.6411627100655002
rising,constant,L1,2.0,8,0.7480833333333333,0.7396666666666667,-0.008416666666666628,0.7603740083287055,2.92,8.0,10.42484444292229,0.1362707320522323,0.17921540000000002,0.6462873452609492
rising,constant,L1,2.0,10,0.7440833333333333,0.73925,-0.004833333333333356,0.7603740083287055,2.85,8.0,10.42484444292229,0.1362707320522323,0.17921540000000002,0.6651265240920448
rising,constant,L1,2.0,12,0.73975,0.7419166666666667,0.00216666666666665,0.7603740083287055,2.7800000000000002,8.0,10.42484444292229,0.1362707320522323,0.17921540000000002,0.6470117475223447
rising,constant,L1,2.0,14,0.74175,0.7399166666666667,-0.0018333333333333535,0.7603740083287055,2.71,8.0,10.42484444292229,0.1362707320522323,0.17921540000000002,0.6664782198251721
rising,constant,L1,2.0,16,0.7398333333333333,0.7449166666666667,0.005083333333333329,0.7603740083287055,2.64,8.0,10.42484444292229,0.1362707320522323,0.17921540000000002,0.6757374184446836
rising,constant,L1,2.0,18,0.74525,0.7434166666666666,-0.0018333333333333535,0.7603740083287055,2.5700000000000003,8.0,10.42484444292229,0.1362707320522323,0.17921540000000002,0.6655154094003557
rising,constant,L1,2.0,20,0.74325,0.7443333333333333,0.001083333333333325,0.7603740083287055,2.5,8.0,10.42484444292229,0.1362707320522323,0.17921540000000002,0.681538352182048
rising,constant,L1,2.0,22,0.74175,0.7490833333333333,0.007333333333333303,0.7603740083287055,2.43,8.0,10.42484444292229,0.1362707320522323,0.17921540000000002,0.7226392338955198
rising,constant,L1,2.0,24,0.7388333333333333,0.7480833333333333,0.00924999999999998,0.7603740083287055,2.3600000000000003,8.0,10.42484444292229,0.1362707320522323,0.17921540000000002,0.6677700774754488
rising,constant,L1,2.0,26,0.7414166666666666,0.7531666666666667,0.011750000000000038,0.7603740083287055,2.29,8.0,10.42484444292229,0.1362707320522323,0.17921540000000002,0.6912882324916825
rising,constant,L1,2.0,28,0.74275,0.752,0.00924999999999998,0.7603740083287055,2.22,8.0,10.42484444292229,0.1362707320522323,0.17921540000000002,0.7048084197629757
rising,constant,L1,2.0,30,0.74525,0.7589166666666667,0.013666666666666716,0.7603740083287055,2.1500000000000004,8.0,10.42484444292229,0.1362707320522323,0.17921540000000002,0.7172005568327616
rising,constant,L1,2.0,32,0.7411666666666666,0.755,0.013833333333333364,0.7603740083287055,2.08,8.0,10.42484444292229,0.1362707320522323,0.17921540000000002,0.7271163156616105
rising,constant,L1,2.0,34,0.75,0.7725833333333333,0.02258333333333329,0.7603740083287055,2.01,8.0,10.42484444292229,0.1362707320522323,0.17921540000000002,0.7757708387205658
rising,constant,L1,2.0,36,0.7430833333333333,0.7838333333333334,0.040750000000000064,0.7480785099412803,1.94,8.0,10.42484444292229,0.1362707320522323,0.182161003479339,0.8174502574248914
rising,constant,L1,2.0,38,0.7366666666666667,0.7914166666666667,0.054749999999999965,0.7337337618226176,1.87,8.0,10.42484444292229,0.1362707320522323,0.18572231392723643,0.855109804920103
rising,constant,L1,2.0,40,0.7495833333333334,0.7966666666666666,0.047083333333333255,0.7193890137039549,1.8,8.0,10.42484444292229,0.1362707320522323,0.18942565073465362,0.8543432007679278
rising,constant,L1,2.0,42,0.7365,0.81175,0.07524999999999993,0.7050442655852922,1.73,8.0,10.42484444292229,0.1362707320522323,0.19327968285666036,0.9324095169106269
rising,constant,L1,2.0,44,0.74275,0.8186666666666667,0.07591666666666663,0.6906995174666295,1.6600000000000001,8.0,10.42484444292229,0.1362707320522323,0.19729379941085032,0.9895169647569161
rising,constant,L1,2.0,46,0.741,0.82875,0.08775,0.6763547693479668,1.59,8.0,10.42484444292229,0.1362707320522323,0.20147818604665532,1.021316777788644
rising,constant,L1,2.0,48,0.737,0.8385,0.10150000000000003,0.6620100212293042,1.52,8.0,10.42484444292229,0.1362707320522323,0.2058439112434998,1.0796192429351048
rising,constant,L1,2.0,50,0.7441666666666666,0.8600833333333333,0.11591666666666667,0.6476652731106414,1.45,8.0,10.42484444292229,0.1362707320522323,0.21040302407715014,1.1815995132766766
rising,constant,L2,4.5,0,0.5025833333333334,0.48625,-0.016333333333333366,0.9994752004414753,3.2,14.0,15.75572751282236,0.2080367126451502,0.20814594754653132,-0.029157413896618047
rising,constant,L2,4.5,2,0.50125,0.5015,0.00024999999999997247,0.9895493957045645,3.1300000000000003,14.0,15.75572751282236,0.2080367126451502,0.2102337827178672,0.0036518141876125112
rising,constant,L2,4.5,4,0.49583333333333335,0.5151666666666667,0.019333333333333313,0.9796235909676538,3.06,14.0,15.75572751282236,0.2080367126451502,0.21236392688303415,0.03852071870827668
rising,constant,L2,4.5,6,0.49525,0.5221666666666667,0.026916666666666644,0.9696977862307432,2.99,14.0,15.75572751282236,0.2080367126451502,0.21453767926376094,0.051614721233530655
rising,constant,L2,4.5,8,0.48733333333333334,0.5345,0.047166666666666635,0.9597719814938326,2.92,14.0,15.75572751282236,0.2080367126451502,0.21675639282713008,0.08159930732233381
rising,constant,L2,4.5,10,0.48525,0.5486666666666666,0.06341666666666662,0.9498461767569221,2.85,14.0,15.75572751282236,0.2080367126451502,0.21902147709374786,0.10315335894512719
rising,constant,L2,4.5,12,0.49491666666666667,0.5595,0.06458333333333333,0.9399203720200116,2.7800000000000002,14.0,15.75572751282236,0.2080367126451502,0.2213344011238443,0.12336171579728857
rising,constant,L2,4.5,14,0.49566666666666664,0.5695833333333333,0.07391666666666669,0.9299945672831007,2.71,14.0,15.75572751282236,0.2080367126451502,0.22369669669459638,0.16384841757341492
rising,constant,L2,4.5,16,0.4890833333333333,0.5825,0.0934166666666667,0.9200687625461901,2.64,14.0,15.75572751282236,0.2080367126451502,0.22610996168311515,0.19946089171779863
rising,constant,L2,4.5,18,0.494,0.5885,0.09450000000000003,0.9101429578092793,2.5700000000000003,14.0,15.75572751282236,0.2080367126451502,0.22857586367079746,0.20202362130114582
rising,constant,L2,4.5,20,0.49291666666666667,0.6108333333333333,0.11791666666666667,0.9002171530723686,2.5,14.0,15.75572751282236,0.2080367126451502,0.23109614378612722,0.2612182683458674
rising,constant,L2,4.5,22,0.49566666666666664,0.622,0.12633333333333335,0.8902913483354581,2.43,14.0,15.75572751282236,0.2080367126451502,0.23367262080453557,0.29060923679932027
rising,constant,L2,4.5,24,0.48983333333333334,0.6236666666666667,0.13383333333333336,0.8803655435985476,2.3600000000000003,14.0,15.75572751282236,0.2080367126451502,0.23630719552560805,0.3003028764417674
rising,constant,L2,4.5,26,0.49733333333333335,0.6344166666666666,0.13708333333333328,0.8704397388616367,2.29,14.0,15.75572751282236,0.2080367126451502,0.2390018554497766,0.33948472991750334
rising,constant,L2,4.5,28,0.4895,0.6490833333333333,0.15958333333333335,0.8605139341247262,2.22,14.0,15.75572751282236,0.2080367126451502,0.2417586797786781,0.36801252099914905
rising,constant,L2,4.5,30,0.49333333333333335,0.663,0.1696666666666667,0.8505881293878155,2.1500000000000004,14.0,15.75572751282236,0.2080367126451502,0.24457984476561906,0.40624723487719877
rising,constant,L2,4.5,32,0.48883333333333334,0.6789166666666666,0.19008333333333327,0.8406623246509047,2.08,14.0,15.75572751282236,0.2080367126451502,0.24746762944508066,0.44587541669687364
rising,constant,L2,4.5,34,0.4925,0.6770833333333334,0.18458333333333338,0.830736519913994,2.01,14.0,15.75572751282236,0.2080367126451502,0.25042442177296864,0.44673619713389473
rising,constant,L2,4.5,36,0.4994166666666667,0.6885833333333333,0.18916666666666665,0.8208107151770835,1.94,14.0,15.75572751282236,0.2080367126451502,0.25345272521237483,0.48312175460087015
rising,constant,L2,4.5,38,0.4816666666666667,0.7001666666666667,0.21850000000000003,0.8108849104401727,1.87,14.0,15.75572751282236,0.2080367126451502,0.25655516580302573,0.501603245531762
rising,constant,L2,4.5,40,0.49225,0.7088333333333333,0.2165833333333333,0.8009591057032621,1.8,14.0,15.75572751282236,0.2080367126451502,0.2597344997563749,0.5589619680241195
rising,constant,L2,4.5,42,0.48675,0.72125,0.23449999999999993,0.7910333009663515,1.73,14.0,15.75572751282236,0.2080367126451502,0.2629936216225106,0.5735888001520393
rising,constant,L2,4.5,44,0.49133333333333334,0.7331666666666666,0.2418333333333333,0.7811074962294409,1.6600000000000001,14.0,15.75572751282236,0.2080367126451502,0.26633557307974154,0.6158819887525692
rising,constant,L2,4.5,46,0.49083333333333334,0.7524166666666666,0.2615833333333333,0.7711816914925302,1.59,14.0,15.75572751282236,0.2080367126451502,0.2697635524029622,0.675282743066036
rising,constant,L2,4.5,48,0.49183333333333334,0.7568333333333334,0.265,0.7612558867556196,1.52,14.0,15.75572751282236,0.2080367126451502,0.2732809246727503,0.7032444552750475
rising,constant,L2,4.5,50,0.4891666666666667,0.7669166666666667,0.27775,0.7513300820187089,1.45,14.0,15.75572751282236,0.2080367126451502,0.27689123279369754,0.7606689785962885
rising,constant,L3,8.0,0,0.2255,0.22,-0.005500000000000005,1.3381792659509093,3.2,21.0,23.330086030389968,0.33793331155619627,0.2525321682637648,-0.6103865246871756
rising,constant,L3,8.0,2,0.21241666666666667,0.226,0.013583333333333336,1.3288511871185995,3.1300000000000003,21.0,23.330086030389968,0.33793331155619627,0.2543048573324079,-0.6015551171656289
rising,constant,L3,8.0,4,0.22066666666666668,0.2275,0.00683333333333333,1.3195231082862897,3.06,21.0,23.330086030389968,0.33793331155619627,0.25610260967318865,-0.59500966711299
rising,constant,L3,8.0,6,0.21616666666666667,0.23666666666666666,0.02049999999999999,1.31019502945398,2.99,21.0,23.330086030389968,0.33793331155619627,0.2579259606083447,-0.5663797376771756
rising,constant,L3,8.0,8,0.22491666666666665,0.23633333333333334,0.011416666666666686,1.3008669506216706,2.92,21.0,23.330086030389968,0.33793331155619627,0.25977546081457564,-0.5473827128473515
rising,constant,L3,8.0,10,0.2175,0.249,0.0315,1.2915388717893606,2.85,21.0,23.330086030389968,0.33793331155619627,0.26165167687752755,-0.5425457846733969
rising,constant,L3,8.0,12,0.21875,0.2595,0.04075000000000001,1.282210792957051,2.7800000000000002,21.0,23.330086030389968,0.33793331155619627,0.2635551918704803,-0.5070471033903551
rising,constant,L3,8.0,14,0.21291666666666667,0.2564166666666667,0.04350000000000001,1.2728827141247414,2.71,21.0,23.330086030389968,0.33793331155619627,0.2654866059584804,-0.5009776250297274
rising,constant,L3,8.0,16,0.21625,0.26008333333333333,0.043833333333333335,1.2635546352924316,2.64,21.0,23.330086030389968,0.33793331155619627,0.267446537029233,-0.5227673529316943
rising,constant,L3,8.0,18,0.22183333333333333,0.2665,0.04466666666666669,1.2542265564601218,2.5700000000000003,21.0,23.330086030389968,0.33793331155619627,0.2694356213521467,-0.4883883336437166
rising,constant,L3,8.0,20,0.22308333333333333,0.281,0.0579166666666667,1.2448984776278122,2.5,21.0,23.330086030389968,0.33793331155619627,0.2714545142670086,-0.46677436563483893
rising,constant,L3,8.0,22,0.21716666666666667,0.28025,0.06308333333333332,1.2355703987955022,2.43,21.0,23.330086030389968,0.33793331155619627,0.27350389090385385,-0.4628980510093385
rising,constant,L3,8.0,24,0.21383333333333332,0.28891666666666665,0.07508333333333334,1.2262423199631929,2.3600000000000003,21.0,23.330086030389968,0.33793331155619627,0.2755844469356919,-0.4422528892175422
rising,constant,L3,8.0,26,0.22175,0.3025833333333333,0.08083333333333331,1.2169142411308835,2.29,21.0,23.330086030389968,0.33793331155619627,0.27769689936585296,-0.4240746500412193
rising,constant,L3,8.0,28,0.21891666666666668,0.30783333333333335,0.08891666666666667,1.207586162298574,2.22,21.0,23.330086030389968,0.33793331155619627,0.27984198735182486,-0.4090405072124393
rising,constant,L3,8.0,30,0.21858333333333332,0.30433333333333334,0.08575000000000002,1.1982580834662642,2.1500000000000004,21.0,23.330086030389968,0.33793331155619627,0.28202047306757055,-0.41389560577363943
rising,constant,L3,8.0,32,0.222,0.30866666666666664,0.08666666666666664,1.1889300046339544,2.08,21.0,23.330086030389968,0.33793331155619627,0.28423314260643845,-0.40703461779101546
rising,constant,L3,8.0,34,0.21791666666666668,0.3348333333333333,0.11691666666666664,1.1796019258016446,2.01,21.0,23.330086030389968,0.33793331155619627,0.28648080692691347,-0.3691933410128789
rising,constant,L3,8.0,36,0.21866666666666668,0.3294166666666667,0.11075000000000002,1.1702738469693352,1.94,21.0,23.330086030389968,0.33793331155619627,0.2887643028435986,-0.35125127709476733
rising,constant,L3,8.0,38,0.21991666666666668,0.34508333333333335,0.12516666666666668,1.1609457681370254,1.87,21.0,23.330086030389968,0.33793331155619627,0.29108449406597114,-0.33617827518683874
rising,constant,L3,8.0,40,0.21575,0.35591666666666666,0.14016666666666666,1.1516176893047159,1.8,21.0,23.330086030389968,0.33793331155619627,0.2934422722876218,-0.3036451693116216
rising,constant,L3,8.0,42,0.21891666666666668,0.3610833333333333,0.14216666666666664,1.142289610472406,1.73,21.0,23.330086030389968,0.33793331155619627,0.295838558328864,-0.3051542911455071
rising,constant,L3,8.0,44,0.221,0.36725,0.14625000000000002,1.1329615316400963,1.6600000000000001,21.0,23.330086030389968,0.33793331155619627,0.2982743033357873,-0.2879973738131656
rising,constant,L3,8.0,46,0.21783333333333332,0.37725,0.15941666666666665,1.123633452807787,1.59,21.0,23.330086030389968,0.33793331155619627,0.3007504900390363,-0.2648239959092778
rising,constant,L3,8.0,48,0.21141666666666667,0.3825,0.17108333333333334,1.114305373975477,1.52,21.0,23.330086030389968,0.33793331155619627,0.30326813407581515,-0.25225655412308007
rising,constant,L3,8.0,50,0.2205,0.3849166666666667,0.16441666666666668,1.1049772951431673,1.45,21.0,23.330086030389968,0.33793331155619627,0.30582828537885176,-0.23908560339175
rising,constant,L4,12.5,0,0.04125,0.03916666666666667,-0.002083333333333333,1.9234196628931783,3.2,28.0,31.877396808363123,0.49107142857142855,0.25531164001555773,-1.2072435544872178
rising,constant,L4,12.5,2,0.0395,0.04441666666666667,0.004916666666666666,1.9137268371722873,3.1300000000000003,28.0,31.877396808363123,0.49107142857142855,0.25660476669545645,-1.2058721207740817
rising,constant,L4,12.5,4,0.043,0.04175,-0.0012499999999999942,1.904034011451395,3.06,28.0,31.877396808363123,0.49107142857142855,0.2579110591607015,-1.218710607348235
rising,constant,L4,12.5,6,0.04041666666666666,0.04491666666666667,0.004500000000000004,1.8943411857305033,2.99,28.0,31.877396808363123,0.49107142857142855,0.2592307195084605,-1.1980303659738847
rising,constant,L4,12.5,8,0.03791666666666667,0.04375,0.005833333333333329,1.8846483600096116,2.92,28.0,31.877396808363123,0.49107142857142855,0.2605639539934782,-1.2063808113161962
rising,constant,L4,12.5,10,0.044,0.04641666666666667,0.002416666666666671,1.8749555342887199,2.85,28.0,31.877396808363123,0.49107142857142855,0.2619109731355419,-1.189530723540586
rising,constant,L4,12.5,12,0.04175,0.04841666666666666,0.006666666666666661,1.8652627085678286,2.7800000000000002,28.0,31.877396808363123,0.49107142857142855,0.2632719918302978,-1.1782615263322966
rising,constant,L4,12.5,14,0.044333333333333336,0.050333333333333334,0.005999999999999998,1.855569882846937,2.71,28.0,31.877396808363123,0.49107142857142855,0.26464722946354063,-1.1659017278012231
rising,constant,L4,12.5,16,0.0405,0.049,0.0085,1.8458770571260452,2.64,28.0,31.877396808363123,0.49107142857142855,0.2660369100291038,-1.1720088534226916
rising,constant,L4,12.5,18,0.042666666666666665,0.0545,0.011833333333333335,1.8361842314051537,2.5700000000000003,28.0,31.877396808363123,0.49107142857142855,0.2674412622504837,-1.1234589131699138
rising,constant,L4,12.5,20,0.037333333333333336,0.05558333333333333,0.018249999999999995,1.8264914056842614,2.5,28.0,31.877396808363123,0.49107142857142855,0.268860519706337,-1.1205778759292315
rising,constant,L4,12.5,22,0.041,0.057666666666666665,0.016666666666666663,1.81679857996337,2.43,28.0,31.877396808363123,0.49107142857142855,0.2702949209599941,-1.1331872473008429
rising,constant,L4,12.5,24,0.04175,0.059166666666666666,0.017416666666666664,1.807105754242478,2.3600000000000003,28.0,31.877396808363123,0.49107142857142855,0.27174470969314196,-1.1169899342331973
rising,constant,L4,12.5,26,0.038,0.059583333333333335,0.021583333333333336,1.7974129285215865,2.29,28.0,31.877396808363123,0.49107142857142855,0.2732101348438314,-1.1117297964055584
rising,constant,L4,12.5,28,0.042583333333333334,0.06175,0.019166666666666665,1.787720102800695,2.22,28.0,31.877396808363123,0.49107142857142855,0.2746914507489744,-1.1239704629990712
rising,constant,L4,12.5,30,0.04175,0.06133333333333333,0.019583333333333328,1.7780272770798033,2.1500000000000004,28.0,31.877396808363123,0.49107142857142855,0.27618891729150213,-1.1093473908216809
rising,constant,L4,12.5,32,0.041416666666666664,0.06141666666666667,0.020000000000000004,1.7683344513589114,2.08,28.0,31.877396808363123,0.49107142857142855,0.27770280005236286,-1.0966314157791757
rising,constant,L4,12.5,34,0.04066666666666666,0.07075,0.03008333333333333,1.75864162563802,2.01,28.0,31.877396808363123,0.49107142857142855,0.279233370467546,-1.0860330884375715
rising,constant,L4,12.5,36,0.042833333333333334,0.07125,0.02841666666666666,1.7489487999171283,1.94,28.0,31.877396808363123,0.49107142857142855,0.28078090599032823,-1.0571374882435178
rising,constant,L4,12.5,38,0.04058333333333333,0.07375,0.033166666666666664,1.7392559741962366,1.87,28.0,31.877396808363123,0.49107142857142855,0.282345690258944,-1.075510415753426
rising,constant,L4,12.5,40,0.03966666666666667,0.07433333333333333,0.034666666666666665,1.729563148475345,1.8,28.0,31.877396808363123,0.49107142857142855,0.28392801326989464,-1.0472810972957987
rising,constant,L4,12.5,42,0.041416666666666664,0.07583333333333334,0.03441666666666667,1.7198703227544534,1.73,28.0,31.877396808363123,0.49107142857142855,0.28552817155711746,-1.0643989823826188
rising,constant,L4,12.5,44,0.042833333333333334,0.07866666666666666,0.03583333333333333,1.7101774970335617,1.6600000000000001,28.0,31.877396808363123,0.49107142857142855,0.2871464683772479,-1.043656786447373
rising,constant,L4,12.5,46,0.03825,0.08308333333333333,0.04483333333333333,1.70048467131267,1.59,28.0,31.877396808363123,0.49107142857142855,0.28878321390121764,-1.0134963230503042
rising,constant,L4,12.5,48,0.037333333333333336,0.08858333333333333,0.05125,1.6907918455917783,1.52,28.0,31.877396808363123,0.49107142857142855,0.2904387254124432,-0.9962522787083307
rising,constant,L4,12.5,50,0.03908333333333333,0.0915,0.05241666666666667,1.6810990198708866,1.45,28.0,31.877396808363123,0.49107142857142855,0.29211332751187036,-1.0099384039936643
rising,fines_accumulation,L1,2.0,0,0.73725,0.7436666666666667,0.006416666666666737,0.7603740083287055,3.2,8.0,10.42484444292229,0.1362707320522323,0.17921540000000002,0.6518789911455038
rising,fines_accumulation,L1,2.0,2,0.742,0.7373333333333333,-0.004666666666666708,0.764006475134227,3.1300000000000003,8.2,10.47929925800245,0.13692172604377056,0.17921540000000002,0.642656953052305
rising,fines_accumulation,L1,2.0,4,0.74175,0.7353333333333333,-0.006416666666666737,0.7678609447851612,3.06,8.4,10.536927776179398,0.1376125063640506,0.17921540000000002,0.6262723287462405
rising,fines_accumulation,L1,2.0,6,0.7355,0.73175,-0.003750000000000031,0.771925341778024,2.99,8.6,10.597524177025196,0.1383409088968853,0.17921540000000002,0.6334937662320852
rising,fines_accumulation,L1,2.0,8,0.7434166666666666,0.7293333333333333,-0.014083333333333337,0.7761865084248941,2.92,8.8,10.660867627855874,0.13910457558197079,0.17921540000000002,0.6183377589568654
rising,fines_accumulation,L1,2.0,10,0.7361666666666666,0.7185,-0.01766666666666661,0.7806305379855152,2.85,9.0,10.726727724576358,0.1399010141172893,0.17921540000000002,0.5770493514687808
rising,fines_accumulation,L1,2.0,12,0.74275,0.7210833333333333,-0.021666666666666723,0.7852430683045997,2.7800000000000002,9.2,10.794869249895504,0.14072765058343617,0.17921540000000002,0.5867900912353616
rising,fines_accumulation,L1,2.0,14,0.7431666666666666,0.71775,-0.025416666666666643,0.7900095353036972,2.71,9.4,10.865056238431336,0.14158187487326623,0.17921540000000002,0.5558376990158488
rising,fines_accumulation,L1,2.0,16,0.74475,0.69825,-0.046499999999999986,0.7949153874935635,2.64,9.6,10.937055369988979,0.142461079135814,0.17921540000000002,0.523212258027129
rising,fines_accumulation,L1,2.0,18,0.73825,0.7050833333333333,-0.03316666666666668,0.7999462638760481,2.5700000000000003,9.8,11.01063873360181,0.14336268965905152,0.17921540000000002,0.5457120213818072
rising,fines_accumulation,L1,2.0,20,0.74675,0.6975833333333333,-0.04916666666666669,0.8050881383304005,2.5,10.0,11.085586017933451,0.14428419274613807,0.17921540000000002,0.501833755674013
rising,fines_accumulation,L1,2.0,22,0.738,0.6964166666666667,-0.041583333333333306,0.810327433947032,2.43,10.2,11.161686190302968,0.14522315520579093,0.17921540000000002,0.5014283664859931
rising,fines_accumulation,L1,2.0,24,0.7334166666666667,0.7066666666666667,-0.02675000000000005,0.8156511108816685,2.3600000000000003,10.4,11.238738728601453,0.1461772400971026,0.17921540000000002,0.518084032718627
rising,fines_accumulation,L1,2.0,26,0.7425833333333334,0.69075,-0.0518333333333334,0.8210467312342232,2.29,10.6,11.316554469100689,0.14714421835683383,0.17921540000000002,0.5026244927240051
rising,fines_accumulation,L1,2.0,28,0.7443333333333333,0.6934166666666667,-0.05091666666666661,0.8265025042713713,2.22,10.8,11.39495612971379,0.14812197690399553,0.17921540000000002,0.4927057281803698
rising,fines_accumulation,L1,2.0,30,0.739,0.6958333333333333,-0.043166666666666687,0.832007315056125,2.1500000000000004,11.0,11.473778563499312,0.1491085237707095,0.17921540000000002,0.5070174012243875
rising,fines_accumulation,L1,2.0,32,0.7390833333333333,0.69425,-0.04483333333333328,0.8375507392556149,2.08,11.2,11.552868791734353,0.15010199075599073,0.17921540000000002,0.5061949339682807
rising,fines_accumulation,L1,2.0,34,0.744,0.6915833333333333,-0.05241666666666667,0.8431230465937375,2.01,11.4,11.632085860172884,0.15110063404451532,0.17921540000000002,0.48128639357718644
rising,fines_accumulation,L1,2.0,36,0.74975,0.6954166666666667,-0.054333333333333345,0.8349911906134041,1.94,11.6,11.711300556466503,0.15210283317854573,0.182161003479339,0.5084822838769195
rising,fines_accumulation,L1,2.0,38,0.73725,0.7071666666666667,-0.03008333333333324,0.8243871481154885,1.87,11.8,11.790395021363551,0.1531070887198839,0.18572231392723643,0.5475540294009698
rising,fines_accumulation,L1,2.0,40,0.7375833333333334,0.7190833333333333,-0.018500000000000072,0.8135752380601048,1.8,12.0,11.86926228134402,0.15411201889113607,0.18942565073465362,0.5756783565005835
rising,fines_accumulation,L1,2.0,42,0.754,0.729,-0.025000000000000022,0.8025486856646916,1.73,12.2,11.947805725859276,0.1551163554423012,0.19327968285666036,0.6221678407507172
rising,fines_accumulation,L1,2.0,44,0.74175,0.733,-0.008750000000000036,0.7913018017603854,1.6600000000000001,12.4,12.02593854835187,0.15611893894995793,0.19729379941085032,0.6275636340472367
rising,fines_accumulation,L1,2.0,46,0.7414166666666666,0.7414166666666666,0.0,0.7798299002239795,1.59,12.600000000000001,12.103583166727596,0.1571187137220716,0.20147818604665532,0.6530880484761401
rising,fines_accumulation,L1,2.0,48,0.7418333333333333,0.7445,0.002666666666666706,0.7681292174071259,1.52,12.8,12.180670635917377,0.15811472245149139,0.2058439112434998,0.6705732286714995
rising,fines_accumulation,L1,2.0,50,0.7379166666666667,0.7655833333333333,0.027666666666666617,0.756196834304516,1.45,13.0,12.257140062565918,0.1591061007352378,0.21040302407715014,0.7353866112070125
rising,fines_accumulation,L2,4.5,0,0.49316666666666664,0.4955,0.002333333333333354,0.9994752004414753,3.2,14.0,15.75572751282236,0.2080367126451502,0.20814594754653132,-0.010452880488982042
rising,fines_accumulation,L2,4.5,2,0.4975,0.49583333333333335,-0.0016666666666666496,0.9949203677952233,3.1300000000000003,14.2,15.830970151529089,0.2091658724246415,0.2102337827178672,-0.007638453007628318
rising,fines_accumulation,L2,4.5,4,0.4865,0.50975,0.02325000000000005,0.9902133482475117,3.06,14.4,15.905371963829179,0.21028559508583902,0.21236392688303415,0.02029598461060261
rising,fines_accumulation,L2,4.5,6,0.492,0.5051666666666667,0.01316666666666666,0.985353893503239,2.99,14.6,15.978917345957672,0.21139553756569593,0.21453767926376094,0.011675427001174719
rising,fines_accumulation,L2,4.5,8,0.49583333333333335,0.51575,0.019916666666666694,0.980342072298595,2.92,14.8,16.051594383339175,0.21249541132811703,0.21675639282713008,0.03577573656342997
rising,fines_accumulation,L2,4.5,10,0.49325,0.5305,0.03724999999999995,0.9751782366358419,2.85,15.0,16.12339449652951,0.21358497781765848,0.21902147709374786,0.06518256173270635
rising,fines_accumulation,L2,4.5,12,0.4925833333333333,0.5261666666666667,0.033583333333333354,0.9698629905805272,2.7800000000000002,15.2,16.194312112886166,0.21466404419232163,0.2213344011238443,0.06128909132714732
rising,fines_accumulation,L2,4.5,14,0.49333333333333335,0.53875,0.045416666666666605,0.9643971615021983,2.71,15.4,16.26434436291288,0.21573245932968693,0.22369669669459638,0.09076876716669856
rising,fines_accumulation,L2,4.5,16,0.49716666666666665,0.5445833333333333,0.04741666666666666,0.9587817736322175,2.64,15.6,16.333490800109878,0.21679011009844987,0.22610996168311515,0.10126791941866148
rising,fines_accumulation,L2,4.5,18,0.49541666666666667,0.5455,0.05008333333333331,0.9530180238082785,2.5700000000000003,15.8,16.401753143090726,0.21783691788581389,0.22857586367079746,0.10430243244481124
rising,fines_accumulation,L2,4.5,20,0.4930833333333333,0.5536666666666666,0.06058333333333332,0.9471072592739354,2.5,16.0,16.46913503869021,0.21887283537005425,0.23109614378612722,0.1219916512725965
rising,fines_accumulation,L2,4.5,22,0.4955833333333333,0.5550833333333334,0.05950000000000005,0.941050957402275,2.43,16.2,16.53564184477822,0.21989784352680697,0.23367262080453557,0.12545086912892406
rising,fines_accumulation,L2,4.5,24,0.49025,0.57125,0.08100000000000002,0.934850707215331,2.3600000000000003,16.4,16.60128043150583,0.2209119488571862,0.23630719552560805,0.16897390266258971
rising,fines_accumulation,L2,4.5,26,0.4950833333333333,0.5665833333333333,0.07150000000000001,0.9285081925745337,2.29,16.6,16.666058999737075,0.22191518082563202,0.2390018554497766,0.1467398564233441
rising,fines_accumulation,L2,4.5,28,0.5034166666666666,0.5830833333333333,0.07966666666666666,0.9220251769220675,2.22,16.8,16.729986915458667,0.22290758949538114,0.2417586797786781,0.19284121939011797
rising,fines_accumulation,L2,4.5,30,0.4935833333333333,0.59875,0.10516666666666669,0.9154034894582391,2.1500000000000004,17.0,16.793074559007557,0.22388924334960214,0.24457984476561906,0.223445801803821
rising,fines_accumulation,L2,4.5,32,0.49191666666666667,0.59975,0.10783333333333334,0.9086450126455942,2.08,17.2,16.855333188009293,0.22486022728650054,0.24746762944508066,0.2339758388963435
rising,fines_accumulation,L2,4.5,34,0.493,0.5971666666666666,0.10416666666666663,0.9017516709363829,2.01,17.4,16.916774812977053,0.22582064077705197,0.25042442177296864,0.23586928329371415
rising,fines_accumulation,L2,4.5,36,0.4989166666666667,0.6126666666666667,0.11375000000000002,0.8947254206259767,1.94,17.6,16.977412084580198,0.22677059617444217,0.25345272521237483,0.27098446375667123
rising,fines_accumulation,L2,4.5,38,0.4994166666666667,0.6154166666666666,0.11599999999999994,0.8875682407408046,1.87,17.8,17.037258191650594,0.227710217164757,0.25655516580302573,0.2821464591828168
rising,fines_accumulation,L2,4.5,40,0.4995,0.62825,0.12874999999999998,0.8802821248752688,1.8,18.0,17.096326769054144,0.2286396373489567,0.2597344997563749,0.30277150763853744
rising,fines_accumulation,L2,4.5,42,0.49341666666666667,0.6280833333333333,0.13466666666666666,0.8728690738978557,1.73,18.2,17.15463181461303,0.2295589989466839,0.2629936216225106,0.3178495781790599
rising,fines_accumulation,L2,4.5,44,0.49241666666666667,0.6380833333333333,0.14566666666666667,0.8653310894522026,1.6600000000000001,18.4,17.212187614320314,0.23046845161296947,0.26633557307974154,0.34204670957274613
rising,fines_accumulation,L2,4.5,46,0.493,0.6464166666666666,0.15341666666666665,0.8576701681842014,1.59,18.6,17.269008675142747,0.23136815135941619,0.2697635524029622,0.36436505905352656
rising,fines_accumulation,L2,4.5,48,0.49075,0.6636666666666666,0.1729166666666666,0.8498882966313144,1.52,18.8,17.32510966475941,0.23225825957195426,0.2732809246727503,0.38664941605267433
rising,fines_accumulation,L2,4.5,50,0.49291666666666667,0.6705,0.17758333333333332,0.8419874467150615,1.45,19.0,17.380505357632615,0.2331389421177511,0.27689123279369754,0.4224578167270245
rising,fines_accumulation,L3,8.0,0,0.22133333333333333,0.21766666666666667,-0.0036666666666666514,1.3381792659509093,3.2,21.0,23.330086030389968,0.33793331155619627,0.2525321682637648,-0.5977187487608443
rising,fines_accumulation,L3,8.0,2,0.21675,0.22158333333333333,0.004833333333333328,1.3330692591485627,3.1300000000000003,21.2,23.38558035417299,0.33900598776199387,0.2543048573324079,-0.6081018239236565
rising,fines_accumulation,L3,8.0,4,0.21666666666666667,0.21458333333333332,-0.0020833333333333537,1.32786905966318,3.06,21.4,23.440574480982843,0.34007073148402345,0.25610260967318865,-0.6076416320186963
rising,fines_accumulation,L3,8.0,6,0.21316666666666667,0.2305,0.01733333333333334,1.322580130230761,2.99,21.6,23.495081550076552,0.34112775057127864,0.2579259606083447,-0.5908377736196492
rising,fines_accumulation,L3,8.0,8,0.22316666666666668,0.23,0.00683333333333333,1.3172039016870316,2.92,21.8,23.549114475577678,0.34217725054750564,0.25977546081457564,-0.5854632646490475
rising,fines_accumulation,L3,8.0,10,0.21666666666666667,0.22966666666666666,0.012999999999999984,1.3117417725692146,2.85,22.0,23.602685940434384,0.3432194344230354,0.26165167687752755,-0.5863614724762677
rising,fines_accumulation,L3,8.0,12,0.21933333333333332,0.2365,0.017166666666666663,1.3061951088467325,2.7800000000000002,22.2,23.65580839166043,0.3442545025323835,0.2635551918704803,-0.562574772598488
rising,fines_accumulation,L3,8.0,14,0.22116666666666668,0.24308333333333335,0.021916666666666668,1.3005652437669126,2.71,22.4,23.708494036724854,0.3452826523952413,0.2654866059584804,-0.5571084308703173
rising,fines_accumulation,L3,8.0,16,0.22025,0.24333333333333335,0.023083333333333345,1.2948534778030456,2.64,22.6,23.760754840968588,0.34630407859868334,0.267446537029233,-0.5526360378906041
rising,fines_accumulation,L3,8.0,18,0.21975,0.24483333333333332,0.02508333333333332,1.289061078693296,2.5700000000000003,22.8,23.812602525937308,0.3473189726985967,0.2694356213521467,-0.5447007234064176
rising,fines_accumulation,L3,8.0,20,0.21625,0.24875,0.0325,1.2831892815599897,2.5,23.0,23.864048568529853,0.34832752313849874,0.2714545142670086,-0.5411720767196571
rising,fines_accumulation,L3,8.0,22,0.21191666666666667,0.2514166666666667,0.03950000000000001,1.2772392890998254,2.43,23.2,23.915104200871095,0.3493299151840745,0.27350389090385385,-0.5195710170228564
rising,fines_accumulation,L3,8.0,24,0.21616666666666667,0.2544166666666667,0.038250000000000006,1.2712122718363852,2.3600000000000003,23.4,23.965780410826447,0.35032633087189463,0.2755844469356919,-0.5260717090874377
rising,fines_accumulation,L3,8.0,26,0.21758333333333332,0.26175,0.04416666666666666,1.2651093684271606,2.29,23.6,24.016087943083082,0.35131694897091503,0.27769689936585296,-0.4831015319823173
rising,fines_accumulation,L3,8.0,28,0.21366666666666667,0.2585,0.044833333333333336,1.258931686018042,2.22,23.8,24.066037300729878,0.35230194495547246,0.27984198735182486,-0.4991292628596745
rising,fines_accumulation,L3,8.0,30,0.21783333333333332,0.263,0.04516666666666669,1.2526803006388907,2.1500000000000004,24.0,24.115638747274726,0.35328149098860645,0.28202047306757055,-0.5144698119225223
rising,fines_accumulation,L3,8.0,32,0.21775,0.2723333333333333,0.05458333333333332,1.2463562576344291,2.08,24.2,24.16490230904355,0.35425575591463365,0.28423314260643845,-0.47023248443804644
rising,fines_accumulation,L3,8.0,34,0.21316666666666667,0.2838333333333333,0.07066666666666666,1.2399605721252456,2.01,24.4,24.213837777910857,0.3552249052599976,0.28648080692691347,-0.4591054056763257
rising,fines_accumulation,L3,8.0,36,0.21641666666666667,0.28375,0.06733333333333333,1.2334942294942304,1.94,24.6,24.26245471431651,0.35618910124150327,0.2887643028435986,-0.46350285161815125
rising,fines_accumulation,L3,8.0,38,0.22608333333333333,0.2855,0.059416666666666645,1.226958185894212,1.87,24.8,24.31076245052775,0.3571485027811185,0.29108449406597114,-0.44595383757697493
rising,fines_accumulation,L3,8.0,40,0.22408333333333333,0.3010833333333333,0.07699999999999999,1.2203533687730082,1.8,25.0,24.35877009410977,0.3581032655266056,0.2934422722876218,-0.41875641107069667
rising,fines_accumulation,L3,8.0,42,0.21191666666666667,0.30366666666666664,0.09174999999999997,1.2136806774124638,1.73,25.2,24.40648653157149,0.3590535418773024,0.295838558328864,-0.4193937281920023
rising,fines_accumulation,L3,8.0,44,0.22175,0.30491666666666667,0.08316666666666667,1.2069409834784406,1.6600000000000001,25.4,24.453920432156913,0.35999948101444185,0.2982743033357873,-0.41951613368801643
rising,fines_accumulation,L3,8.0,46,0.22183333333333333,0.31166666666666665,0.08983333333333332,1.2001351315790019,1.59,25.6,24.501080251755134,0.36094122893544817,0.3007504900390363,-0.41049635474390156
rising,fines_accumulation,L3,8.0,48,0.22283333333333333,0.31708333333333333,0.09425,1.1932639398283558,1.52,25.8,24.547974236905063,0.3618789284917012,0.30326813407581515,-0.3953642976289992
rising,fines_accumulation,L3,8.0,50,0.22183333333333333,0.3160833333333333,0.09425,1.1863282004143845,1.45,26.0,24.594610428873402,0.36281271942931004,0.30582828537885176,-0.3964232709363409
rising,fines_accumulation,L4,12.5,0,0.04125,0.03841666666666667,-0.0028333333333333335,1.9234196628931783,3.2,28.0,31.877396808363123,0.49107142857142855,0.25531164001555773,-1.2252057527975344
rising,fines_accumulation,L4,12.5,2,0.04008333333333333,0.03941666666666667,-0.0006666666666666626,1.9137268371722873,3.1300000000000003,28.2,31.93121515341263,0.49107142857142855,0.25660476669545645,-1.2361955395578983
rising,fines_accumulation,L4,12.5,4,0.036583333333333336,0.042583333333333334,0.005999999999999998,1.904034011451395,3.06,28.4,31.984891600275596,0.49107142857142855,0.2579110591607015,-1.215065068583057
rising,fines_accumulation,L4,12.5,6,0.03966666666666667,0.042333333333333334,0.0026666666666666644,1.8943411857305033,2.99,28.6,32.0384317792295,0.49107142857142855,0.2592307195084605,-1.2077906024369454
rising,fines_accumulation,L4,12.5,8,0.03933333333333333,0.04516666666666667,0.005833333333333336,1.8846483600096116,2.92,28.8,32.091841173603314,0.49107142857142855,0.2605639539934782,-1.175275212987201
rising,fines_accumulation,L4,12.5,10,0.041666666666666664,0.04425,0.0025833333333333333,1.8749555342887199,2.85,29.0,32.145125123499355,0.49107142857142855,0.2619109731355419,-1.1950172569544741
rising,fines_accumulation,L4,12.5,12,0.03716666666666667,0.04716666666666667,0.010000000000000002,1.8652627085678286,2.7800000000000002,29.2,32.19828882944759,0.49107142857142855,0.2632719918302978,-1.1912048141647773
rising,fines_accumulation,L4,12.5,14,0.03883333333333333,0.045083333333333336,0.0062500000000000056,1.855569882846937,2.71,29.4,32.251337355990664,0.49107142857142855,0.26464722946354063,-1.2016875061599164
rising,fines_accumulation,L4,12.5,16,0.03933333333333333,0.0475,0.00816666666666667,1.8458770571260452,2.64,29.6,32.30427563519811,0.49107142857142855,0.2660369100291038,-1.1852126472087614
rising,fines_accumulation,L4,12.5,18,0.04083333333333333,0.04733333333333333,0.006499999999999999,1.8361842314051537,2.5700000000000003,29.8,32.357108470108756,0.49107142857142855,0.2674412622504837,-1.1714607371049093
rising,fines_accumulation,L4,12.5,20,0.0385,0.050416666666666665,0.011916666666666666,1.8264914056842614,2.5,30.0,32.4098405381004,0.49107142857142855,0.268860519706337,-1.177735308797541
rising,fines_accumulation,L4,12.5,22,0.036,0.051833333333333335,0.015833333333333338,1.81679857996337,2.43,30.2,32.46247639418644,0.49107142857142855,0.2702949209599941,-1.1679409379954595
rising,fines_accumulation,L4,12.5,24,0.04083333333333333,0.052583333333333336,0.011750000000000003,1.807105754242478,2.3600000000000003,30.4,32.51502047423912,0.49107142857142855,0.27174470969314196,-1.1705189297661747
rising,fines_accumulation,L4,12.5,26,0.044,0.05291666666666667,0.00891666666666667,1.7974129285215865,2.29,30.6,32.56747709813939,0.49107142857142855,0.2732101348438314,-1.1336288872527278
rising,fines_accumulation,L4,12.5,28,0.03825,0.0555,0.01725,1.787720102800695,2.22,30.8,32.61985047285365,0.49107142857142855,0.2746914507489744,-1.1356896837962231
rising,fines_accumulation,L4,12.5,30,0.044583333333333336,0.056666666666666664,0.012083333333333328,1.7780272770798033,2.1500000000000004,31.0,32.67214469543765,0.49107142857142855,0.27618891729150213,-1.1191635017435184
rising,fines_accumulation,L4,12.5,32,0.03775,0.06166666666666667,0.02391666666666667,1.7683344513589114,2.08,31.2,32.724363755968184,0.49107142857142855,0.27770280005236286,-1.1223564848657348
rising,fines_accumulation,L4,12.5,34,0.04075,0.06,0.019249999999999996,1.75864162563802,2.01,31.4,32.776511540403035,0.49107142857142855,0.279233370467546,-1.128917803043581
rising,fines_accumulation,L4,12.5,36,0.037333333333333336,0.05875,0.02141666666666666,1.7489487999171283,1.94,31.6,32.82859183337026,0.49107142857142855,0.28078090599032823,-1.1223371680639733
rising,fines_accumulation,L4,12.5,38,0.0375,0.06066666666666667,0.02316666666666667,1.7392559741962366,1.87,31.8,32.880608320887376,0.49107142857142855,0.282345690258944,-1.0997057198559836
rising,fines_accumulation,L4,12.5,40,0.036833333333333336,0.06266666666666666,0.025833333333333326,1.729563148475345,1.8,32.0,32.93256459301162,0.49107142857142855,0.28392801326989464,-1.0983316362740623
rising,fines_accumulation,L4,12.5,42,0.0405,0.064,0.0235,1.7198703227544534,1.73,32.2,32.984464146422226,0.49107142857142855,0.28552817155711746,-1.0957998103681676
rising,fines_accumulation,L4,12.5,44,0.03816666666666667,0.06941666666666667,0.03125,1.7101774970335617,1.6600000000000001,32.4,33.03631038693587,0.49107142857142855,0.2871464683772479,-1.0897151822139055
rising,fines_accumulation,L4,12.5,46,0.03991666666666667,0.06933333333333333,0.02941666666666666,1.70048467131267,1.59,32.6,33.0881066319564,0.49107142857142855,0.28878321390121764,-1.095693371220349
rising,fines_accumulation,L4,12.5,48,0.03858333333333333,0.06975,0.031166666666666676,1.6907918455917783,1.52,32.8,33.13985611286015,0.49107142857142855,0.2904387254124432,-1.1031068166877758
rising,fines_accumulation,L4,12.5,50,0.03966666666666667,0.07233333333333333,0.03266666666666666,1.6810990198708866,1.45,33.0,33.191561977317875,0.49107142857142855,0.29211332751187036,-1.0385974837605223
rising,fines_washout,L1,2.0,0,0.7346666666666667,0.7456666666666667,0.01100000000000001,0.7603740083287055,3.2,8.0,10.42484444292229,0.1362707320522323,0.17921540000000002,0.6606802351545118
rising,fines_washout,L1,2.0,2,0.7430833333333333,0.745,0.0019166666666666776,0.7576350750499143,3.1300000000000003,7.84,10.383690676437654,0.13577987302910044,0.17921540000000002,0.6602907109026088
rising,fines_washout,L1,2.0,4,0.7380833333333333,0.7436666666666667,0.0055833333333333846,0.7550496642443109,3.06,7.68,10.34476899976154,0.1353165275974099,0.17921540000000002,0.6794766770604973
rising,fines_washout,L1,2.0,6,0.74225,0.7466666666666667,0.004416666666666735,0.7526214874688109,2.99,7.52,10.308147983123293,0.13488136092531794,0.17921540000000002,0.6905040614569184
rising,fines_washout,L1,2.0,8,0.7355,0.7548333333333334,0.019333333333333313,0.75035322358243,2.92,7.36,10.273880316142437,0.13447485310561463,0.17921540000000002,0.7149005374823537
rising,fines_washout,L1,2.0,10,0.7460833333333333,0.7526666666666667,0.0065833333333333854,0.7482463831037385,2.85,7.2,10.24200055436703,0.13409727484648976,0.17921540000000002,0.7072573021493846
rising,fines_washout,L1,2.0,12,0.7446666666666667,0.7583333333333333,0.013666666666666605,0.7463011808338809,2.7800000000000002,7.04,10.212522997936011,0.13374866464361632,0.17921540000000002,0.7097057438452833
rising,fines_washout,L1,2.0,14,0.7390833333333333,0.7616666666666667,0.0225833333333334,0.7445164234151972,2.71,6.88,10.18543981136113,0.13342880862892395,0.17921540000000002,0.7247688827968437
rising,fines_washout,L1,2.0,16,0.7435,0.7648333333333334,0.021333333333333315,0.7428894195946009,2.64,6.72,10.160719510192207,0.13313722448841425,0.17921540000000002,0.746532212601101
rising,fines_washout,L1,2.0,18,0.73325,0.7661666666666667,0.032916666666666705,0.7414159218654557,2.5700000000000003,6.5600000000000005,10.138305953597603,0.1328731510034864,0.17921540000000002,0.7464349301069598
rising,fines_washout,L1,2.0,20,0.7405833333333334,0.768,0.027416666666666645,0.7400901086950901,2.5,6.4,10.118117988912719,0.13263554486583407,0.17921540000000002,0.7682449120138337
rising,fines_washout,L1,2.0,22,0.7424166666666666,0.7706666666666667,0.02825000000000011,0.7389046164881544,2.43,6.24,10.100049891648986,0.13242308640577122,0.17921540000000002,0.7710596686276455
rising,fines_washout,L1,2.0,24,0.737,0.7759166666666667,0.03891666666666671,0.7378506295381766,2.3600000000000003,6.08,10.083972728577265,0.13223419571293615,0.17921540000000002,0.8061800103049942
rising,fines_washout,L1,2.0,26,0.7434166666666666,0.7830833333333334,0.03966666666666674,0.7369180342235095,2.29,5.92,10.069736738548434,0.13206706027057996,0.17921540000000002,0.7953891873409067
rising,fines_washout,L1,2.0,28,0.7421666666666666,0.78525,0.04308333333333336,0.7360956403887349,2.22,5.76,10.057174772573136,0.1319196746305233,0.17921540000000002,0.7942316423643917
rising,fines_washout,L1,2.0,30,0.7428333333333333,0.7828333333333334,0.040000000000000036,0.7353714680990884,2.1500000000000004,5.6,10.046106759830883,0.1317898918039654,0.17921540000000002,0.8104651624864203
rising,fines_washout,L1,2.0,32,0.7528333333333334,0.8020833333333334,0.049250000000000016,0.7347330918310402,2.08,5.4399999999999995,10.036345071044614,0.1316754849457366,0.17921540000000002,0.8988171243544866
rising,fines_washout,L1,2.0,34,0.7425,0.8019166666666667,0.05941666666666667,0.734168027017403,2.01,5.279999999999999,10.027700540629505,0.1315742166291347,0.17921540000000002,0.8890182542891221
rising,fines_washout,L1,2.0,36,0.7404166666666666,0.8173333333333334,0.07691666666666674,0.7218005454683067,1.94,5.12,10.019988795324702,0.131483911674441,0.182161003479339,0.9416168585994142
rising,fines_washout,L1,2.0,38,0.7393333333333333,0.825,0.08566666666666667,0.706700219400788,1.87,4.96,10.0,0.13125,0.18572231392723643,0.9841011838212933
rising,fines_washout,L1,2.0,40,0.7421666666666666,0.8284166666666667,0.08625000000000005,0.6928839863607187,1.8,4.8,10.0,0.13125,0.18942565073465362,1.0327369888185902
rising,fines_washout,L1,2.0,42,0.7456666666666667,0.8395833333333333,0.09391666666666665,0.6790677533206495,1.73,4.640000000000001,10.0,0.13125,0.19327968285666036,1.0931342987602737
rising,fines_washout,L1,2.0,44,0.7398333333333333,0.8539166666666667,0.11408333333333331,0.6652515202805802,1.6600000000000001,4.48,10.0,0.13125,0.19729379941085032,1.1587607948387795
rising,fines_washout,L1,2.0,46,0.7406666666666667,0.8669166666666667,0.12624999999999997,0.6514352872405109,1.59,4.32,10.0,0.13125,0.20147818604665532,1.208824838841935
rising,fines_washout,L1,2.0,48,0.7380833333333333,0.87375,0.1356666666666667,0.6376190542004417,1.52,4.16,10.0,0.13125,0.2058439112434998,1.283256106281831
rising,fines_washout,L1,2.0,50,0.7405833333333334,0.8855833333333333,0.1449999999999999,0.6238028211603723,1.45,4.0,10.0,0.13125,0.21040302407715014,1.3682683990760212
rising,fines_washout,L2,4.5,0,0.49475,0.49666666666666665,0.0019166666666666221,0.9994752004414753,3.2,14.0,15.75572751282236,0.2080367126451502,0.20814594754653132,-0.0060518360908492965
rising,fines_washout,L2,4.5,2,0.49116666666666664,0.5055,0.014333333333333309,0.9852215743843822,3.1300000000000003,13.84,15.694941080499028,0.20712685839808123,0.2102337827178672,0.012657119988780649
rising,fines_washout,L2,4.5,4,0.49091666666666667,0.5245,0.0335833333333333,0.971028645169492,3.06,13.68,15.633641140983045,0.20621145620410572,0.21236392688303415,0.05660174039379027
rising,fines_washout,L2,4.5,6,0.4905833333333333,0.5373333333333333,0.046750000000000014,0.9568984358358209,2.99,13.52,15.5718417860211,0.20529076971533988,0.21453767926376094,0.0824133478820368
rising,fines_washout,L2,4.5,8,0.49833333333333335,0.5473333333333333,0.04899999999999999,0.9428330574171035,2.92,13.36,15.509559231668065,0.20436509256390578,0.21675639282713008,0.09998171987690307
rising,fines_washout,L2,4.5,10,0.5021666666666667,0.5750833333333333,0.07291666666666663,0.9288347104323154,2.85,13.2,15.446811974504868,0.2034347502548293,0.21902147709374786,0.17718499812491847
rising,fines_washout,L2,4.5,12,0.4895833333333333,0.5873333333333334,0.09775000000000006,0.9149056861144517,2.7800000000000002,13.04,15.383620954823414,0.20250010212094205,0.2213344011238443,0.20348606542415726
rising,fines_washout,L2,4.5,14,0.4925,0.6054166666666667,0.11291666666666672,0.9010483673282766,2.71,12.879999999999999,15.320009726465749,0.20156154333339477,0.22369669669459638,0.2519047395465802
rising,fines_washout,L2,4.5,16,0.49333333333333335,0.6054166666666667,0.11208333333333337,0.8872652291218225,2.64,12.72,15.256004632857723,0.20061950695949565,0.22610996168311515,0.25851693124643776
rising,fines_washout,L2,4.5,18,0.50325,0.629,0.12575000000000003,0.8735588388499433,2.5700000000000003,12.56,15.191634988603479,0.1996744660573848,0.22857586367079746,0.3087933006985648
rising,fines_washout,L2,4.5,20,0.4935,0.6423333333333333,0.14883333333333332,0.8599318558012237,2.5,12.4,15.126933265802613,0.1987269357945108,0.23109614378612722,0.34561377081282824
rising,fines_washout,L2,4.5,22,0.4915833333333333,0.6519166666666667,0.16033333333333338,0.8463870302519424,2.43,12.24,15.061935284012394,0.19777747557393913,0.23367262080453557,0.3602962768115314
rising,fines_washout,L2,4.5,24,0.48733333333333334,0.6710833333333334,0.18375000000000002,0.8329272018626538,2.3600000000000003,12.08,14.996680402499484,0.19682669114915574,0.23630719552560805,0.4185166442113089
rising,fines_washout,L2,4.5,26,0.4876666666666667,0.68675,0.19908333333333328,0.8195552973242378,2.29,11.92,14.931211713104048,0.19587523670418616,0.2390018554497766,0.46738036877668265
rising,fines_washout,L2,4.5,28,0.49133333333333334,0.701,0.2096666666666666,0.8062743271510531,2.22,11.76,14.865576231669987,0.19492381687148058,0.2417586797786781,0.5171042826890915
rising,fines_washout,L2,4.5,30,0.49625,0.71775,0.22149999999999997,0.7930873815091277,2.1500000000000004,11.6,14.79982508557335,0.19397318865507376,0.24457984476561906,0.578489751869583
rising,fines_washout,L2,4.5,32,0.4969166666666667,0.7259166666666667,0.22899999999999998,0.7799976249572694,2.08,11.44,14.734013694402442,0.19302416322096855,0.24746762944508066,0.604221201411733
rising,fines_washout,L2,4.5,34,0.49116666666666664,0.745,0.25383333333333336,0.7670082899686479,2.01,11.28,14.668201940303987,0.19207760751047212,0.25042442177296864,0.6780633365238651
rising,fines_washout,L2,4.5,36,0.4989166666666667,0.7540833333333333,0.25516666666666665,0.7541226690900267,1.94,11.120000000000001,14.602454323905945,0.19113444562529722,0.25345272521237483,0.7063800072877293
rising,fines_washout,L2,4.5,38,0.4964166666666667,0.7745833333333333,0.2781666666666666,0.7413441055855898,1.87,10.96,14.53684010105788,0.1901956599256068,0.25655516580302573,0.7634534061085068
rising,fines_washout,L2,4.5,40,0.499,0.7803333333333333,0.2813333333333333,0.7286759824026011,1.8,10.8,14.471433394892795,0.18926229177382464,0.2597344997563749,0.8089584055586652
rising,fines_washout,L2,4.5,42,0.49775,0.7999166666666667,0.3021666666666667,0.7161217092872878,1.73,10.64,14.40631327691214,0.18833544184796652,0.2629936216225106,0.8602335119480669
rising,fines_washout,L2,4.5,44,0.5076666666666667,0.8011666666666667,0.2935,0.7036847078719842,1.6600000000000001,10.48,14.341563809933442,0.18741626993853544,0.26633557307974154,0.9232270825358813
rising,fines_washout,L2,4.5,46,0.49141666666666667,0.8189166666666666,0.32749999999999996,0.691368394549285,1.59,10.32,14.277274044826223,0.18650599413274788,0.2697635524029622,0.9579145635114242
rising,fines_washout,L2,4.5,48,0.49675,0.82625,0.3295,0.6791761609466658,1.52,10.16,14.213537962011895,0.1856058892791935,0.2732809246727503,1.0154771757502308
rising,fines_washout,L2,4.5,50,0.4880833333333333,0.8385833333333333,0.35050000000000003,0.6671113518167207,1.45,10.0,14.150454347738503,0.18471728461520184,0.27689123279369754,1.0846437456201283
rising,fines_washout,L3,8.0,0,0.22266666666666668,0.21191666666666667,-0.01075000000000001,1.3381792659509093,3.2,21.0,23.330086030389968,0.33793331155619627,0.2525321682637648,-0.6103394334069052
rising,fines_washout,L3,8.0,2,0.22191666666666668,0.22683333333333333,0.0049166666666666525,1.3254537161111422,3.1300000000000003,20.84,23.28532146078438,0.3370693181763538,0.2543048573324079,-0.6006670065823835
rising,fines_washout,L3,8.0,4,0.22783333333333333,0.231,0.0031666666666666787,1.3127550934770509,3.06,20.68,23.240221285354465,0.33620000530124344,0.25610260967318865,-0.57425289149184
rising,fines_washout,L3,8.0,6,0.22133333333333333,0.24266666666666667,0.021333333333333343,1.3000834157967291,2.99,20.52,23.19477848675734,0.3353252638903494,0.2579259606083447,-0.5459065275189149
rising,fines_washout,L3,8.0,8,0.21616666666666667,0.25275,0.0365833333333333,1.2874387106589367,2.92,20.36,23.1489859696384,0.3344449843319484,0.25977546081457564,-0.5417100132466884
rising,fines_washout,L3,8.0,10,0.21641666666666667,0.2645,0.04808333333333334,1.2748210159968765,2.85,20.2,23.102836565167518,0.3335590565542961,0.26165167687752755,-0.5151682633351744
rising,fines_washout,L3,8.0,12,0.22133333333333333,0.265,0.04366666666666669,1.2622303806160247,2.7800000000000002,20.04,23.056323036169815,0.3326673701480058,0.2635551918704803,-0.491982746727041
rising,fines_washout,L3,8.0,14,0.21791666666666668,0.27166666666666667,0.05374999999999999,1.2496668647470226,2.71,19.88,23.009438082901355,0.3317698145004624,0.2654866059584804,-0.49036079123997794
rising,fines_washout,L3,8.0,16,0.21325,0.28641666666666665,0.07316666666666666,1.2371305406246815,2.64,19.72,22.962174349524183,0.33086627894317394,0.267446537029233,-0.4486108866145337
rising,fines_washout,L3,8.0,18,0.22216666666666668,0.294,0.0718333333333333,1.2246214930941786,2.5700000000000003,19.56,22.914524431338858,0.3299566529130236,0.2694356213521467,-0.4327453416480887
rising,fines_washout,L3,8.0,20,0.21016666666666667,0.30533333333333335,0.09516666666666668,1.2121398202455185,2.5,19.4,22.86648088283719,0.3290408261284464,0.2714545142670086,-0.43294944740785984
rising,fines_washout,L3,8.0,22,0.21825,0.3070833333333333,0.08883333333333332,1.199685634077401,2.43,19.24,22.818036226642423,0.3281186887816262,0.27350389090385385,-0.4049993275554798
rising,fines_washout,L3,8.0,24,0.21475,0.32766666666666666,0.11291666666666667,1.1872590611916018,2.3600000000000003,19.08,22.769182963408955,0.32719013174787637,0.2755844469356919,-0.36660219828435947
rising,fines_washout,L3,8.0,26,0.21825,0.32366666666666666,0.10541666666666666,1.174860243519027,2.29,18.92,22.719913582759048,0.32625504681344475,0.27769689936585296,-0.37518585264713106
rising,fines_washout,L3,8.0,28,0.22441666666666665,0.3445,0.12008333333333332,1.1624893390785755,2.22,18.759999999999998,22.670220575339286,0.325313326923058,0.27984198735182486,-0.32206519193831634
rising,fines_washout,L3,8.0,30,0.2115,0.3505,0.13899999999999998,1.15014652276998,2.1500000000000004,18.6,22.620096446085714,0.3243648664486111,0.28202047306757055,-0.32546598885171324
rising,fines_washout,L3,8.0,32,0.21608333333333332,0.36925,0.1531666666666667,1.1378319872017617,2.08,18.44,22.569533728792564,0.3234095614804856,0.28423314260643845,-0.287888402587769
rising,fines_washout,L3,8.0,34,0.21625,0.3745,0.15825,1.1255459435554298,2.01,18.28,22.518525002086154,0.3224473101430737,0.28648080692691347,-0.2669676763219336
rising,fines_washout,L3,8.0,36,0.22216666666666668,0.3884166666666667,0.16625,1.113288622487058,1.94,18.12,22.46706290691258,0.3214780129361855,0.2887643028435986,-0.2310068123687617
rising,fines_washout,L3,8.0,38,0.214,0.394,0.18000000000000002,1.1010602750672944,1.87,17.96,22.415140165654954,0.32050157310410243,0.29108449406597114,-0.23514810273018527
rising,fines_washout,L3,8.0,40,0.21791666666666668,0.41133333333333333,0.19341666666666665,1.0888611737608584,1.8,17.8,22.36274960300377,0.31951789703415334,0.2934422722876218,-0.18843319160348573
rising,fines_washout,L3,8.0,42,0.2135,0.41025,0.19675,1.0766916134464852,1.73,17.64,22.309884168711996,0.31852689468678674,0.295838558328864,-0.18874086792562453
rising,fines_washout,L3,8.0,44,0.21266666666666667,0.42833333333333334,0.21566666666666667,1.064551912478231,1.6600000000000001,17.48,22.25653696237491,0.31752848005922435,0.2982743033357873,-0.16026943875466812
rising,fines_washout,L3,8.0,46,0.20925,0.44116666666666665,0.23191666666666666,1.0524424137889314,1.59,17.32,22.202701260383364,0.31652257168488734,0.3007504900390363,-0.1259410949077865
rising,fines_washout,L3,8.0,48,0.22058333333333333,0.4503333333333333,0.22974999999999998,1.0403634860365139,1.52,17.16,22.14837054520852,0.3155090931709039,0.30326813407581515,-0.10492080835573751
rising,fines_washout,L3,8.0,50,0.21408333333333332,0.46366666666666667,0.24958333333333335,1.0283155247937033,1.45,17.0,22.093538537185058,0.3144879737761124,0.30582828537885176,-0.07893676666163445
rising,fines_washout,L4,12.5,0,0.03791666666666667,0.04041666666666666,0.0024999999999999953,1.9234196628931783,3.2,28.0,31.877396808363123,0.49107142857142855,0.25531164001555773,-1.2304062063200416
rising,fines_washout,L4,12.5,2,0.04441666666666667,0.0395,-0.004916666666666666,1.9137268371722873,3.1300000000000003,27.84,31.834236085951183,0.49107142857142855,0.25660476669545645,-1.2207420361251409
rising,fines_washout,L4,12.5,4,0.0385,0.0425,0.0040000000000000036,1.904034011451395,3.06,27.68,31.790977820887605,0.49107142857142855,0.2579110591607015,-1.2175121386376642
rising,fines_washout,L4,12.5,6,0.041,0.043916666666666666,0.0029166666666666646,1.8943411857305033,2.99,27.52,31.747618917645063,0.49107142857142855,0.2592307195084605,-1.1701915905382037
rising,fines_washout,L4,12.5,8,0.041916666666666665,0.04675,0.004833333333333335,1.8846483600096116,2.92,27.36,31.70415621480726,0.49107142857142855,0.2605639539934782,-1.200159023356193
rising,fines_washout,L4,12.5,10,0.04275,0.047,0.004249999999999997,1.8749555342887199,2.85,27.2,31.660586483761477,0.49107142857142855,0.2619109731355419,-1.183750551492502
rising,fines_washout,L4,12.5,12,0.037333333333333336,0.04708333333333333,0.009749999999999995,1.8652627085678286,2.7800000000000002,27.04,31.61690642737865,0.49107142857142855,0.2632719918302978,-1.1778029423293086
rising,fines_washout,L4,12.5,14,0.04008333333333333,0.052833333333333336,0.012750000000000004,1.855569882846937,2.71,26.88,31.573112678681778,0.49107142857142855,0.26464722946354063,-1.1703777560228688
rising,fines_washout,L4,12.5,16,0.03766666666666667,0.05475,0.017083333333333332,1.8458770571260452,2.64,26.72,31.529201799504275,0.49107142857142855,0.2660369100291038,-1.1297568271881078
rising,fines_washout,L4,12.5,18,0.03791666666666667,0.06208333333333333,0.024166666666666663,1.8361842314051537,2.5700000000000003,26.56,31.48517027913958,0.49107142857142855,0.2674412622504837,-1.1471907764883773
rising,fines_washout,L4,12.5,20,0.03841666666666667,0.057833333333333334,0.019416666666666665,1.8264914056842614,2.5,26.4,31.441014532983754,0.49107142857142855,0.268860519706337,-1.1075668350466965
rising,fines_washout,L4,12.5,22,0.043916666666666666,0.06475,0.020833333333333336,1.81679857996337,2.43,26.24,31.396730901172905,0.49107142857142855,0.2702949209599941,-1.1254224776597888
rising,fines_washout,L4,12.5,24,0.03916666666666667,0.0655,0.026333333333333334,1.807105754242478,2.3600000000000003,26.08,31.35231564721747,0.49107142857142855,0.27174470969314196,-1.0980915368204713
rising,fines_washout,L4,12.5,26,0.042416666666666665,0.066,0.023583333333333338,1.7974129285215865,2.29,25.92,31.307764956635598,0.49107142857142855,0.2732101348438314,-1.098225293426749
rising,fines_washout,L4,12.5,28,0.042166666666666665,0.06816666666666667,0.026000000000000002,1.787720102800695,2.22,25.759999999999998,31.263074935588158,0.49107142857142855,0.2746914507489744,-1.0995105419661209
rising,fines_washout,L4,12.5,30,0.03691666666666667,0.06725,0.030333333333333337,1.7780272770798033,2.1500000000000004,25.6,31.218241609518117,0.49107142857142855,0.27618891729150213,-1.0731917912942106
rising,fines_washout,L4,12.5,32,0.04158333333333333,0.07083333333333333,0.029249999999999998,1.7683344513589114,2.08,25.44,31.173260921797247,0.49107142857142855,0.27770280005236286,-1.0568703852660954
rising,fines_washout,L4,12.5,34,0.042083333333333334,0.078,0.035916666666666666,1.75864162563802,2.01,25.28,31.128128732383605,0.49107142857142855,0.279233370467546,-1.041793750082916
rising,fines_washout,L4,12.5,36,0.0395,0.07875,0.03925,1.7489487999171283,1.94,25.12,31.082840816493245,0.49107142857142855,0.28078090599032823,-1.0360084285007094
rising,fines_washout,L4,12.5,38,0.04175,0.08316666666666667,0.041416666666666664,1.7392559741962366,1.87,24.96,31.03739286329037,0.49107142857142855,0.282345690258944,-1.0411812115676315
rising,fines_washout,L4,12.5,40,0.03958333333333333,0.08516666666666667,0.04558333333333334,1.729563148475345,1.8,24.8,30.991780474600038,0.49107142857142855,0.28392801326989464,-1.013672975556688
rising,fines_washout,L4,12.5,42,0.037083333333333336,0.0875,0.05041666666666666,1.7198703227544534,1.73,24.64,30.94599916364845,0.49107142857142855,0.28552817155711746,-0.9880032860800981
rising,fines_washout,L4,12.5,44,0.041416666666666664,0.09475,0.05333333333333334,1.7101774970335617,1.6600000000000001,24.48,30.900044353835774,0.49107142857142855,0.2871464683772479,-0.988520739684957
rising,fines_washout,L4,12.5,46,0.03791666666666667,0.09058333333333334,0.05266666666666667,1.70048467131267,1.59,24.32,30.853911377547366,0.49107142857142855,0.28878321390121764,-0.9719078391478096
rising,fines_washout,L4,12.5,48,0.0405,0.10333333333333333,0.06283333333333332,1.6907918455917783,1.52,24.16,30.80759547500948,0.49107142857142855,0.2904387254124432,-0.9488948565835167
rising,fines_washout,L4,12.5,50,0.03908333333333333,0.09708333333333333,0.057999999999999996,1.6810990198708866,1.45,24.0,30.76109179319628,0.49107142857142855,0.29211332751187036,-0.9673871462924328
seasonal,constant,L1,2.0,0,0.7493333333333333,0.7435,-0.005833333333333246,0.7603740083287055,3.2,8.0,10.42484444292229,0.1362707320522323,0.17921540000000002,0.6578643783132696
seasonal,constant,L1,2.0,2,0.751,0.7440833333333333,-0.006916666666666682,0.7603740083287055,3.607975432332819,8.0,10.42484444292229,0.1362707320522323,0.17921540000000002,0.6644465719590719
seasonal,constant,L1,2.0,4,0.74625,0.7379166666666667,-0.008333333333333304,0.7603740083287055,3.4245033635316133,8.0,10.42484444292229,0.1362707320522323,0.17921540000000002,0.6494322858309473
seasonal,constant,L1,2.0,6,0.7385833333333334,0.7469166666666667,0.008333333333333304,0.7603740083287055,2.8754966364683874,8.0,10.42484444292229,0.1362707320522323,0.17921540000000002,0.6872200307991139
seasonal,constant,L1,2.0,8,0.74475,0.7525,0.007749999999999924,0.7603740083287055,2.692024567667181,8.0,10.42484444292229,0.1362707320522323,0.17921540000000002,0.6767011585187418
seasonal,constant,L1,2.0,10,0.7385,0.7380833333333333,-0.0004166666666667318,0.7603740083287055,3.1,8.0,10.42484444292229,0.1362707320522323,0.17921540000000002,0.6650010719270399
seasonal,constant,L1,2.0,12,0.745,0.7429166666666667,-0.002083333333333326,0.7603740083287055,3.5079754323328194,8.0,10.42484444292229,0.1362707320522323,0.17921540000000002,0.6433185413780343
seasonal,constant,L1,2.0,14,0.7425,0.7366666666666667,-0.005833333333333357,0.7603740083287055,3.3245033635316132,8.0,10.42484444292229,0.1362707320522323,0.17921540000000002,0.6303833212239481
seasonal,constant,L1,2.0,16,0.7410833333333333,0.73575,-0.005333333333333301,0.7603740083287055,2.7754966364683873,8.0,10.42484444292229,0.1362707320522323,0.17921540000000002,0.6470833369864231
seasonal,constant,L1,2.0,18,0.7476666666666667,0.7465833333333334,-0.001083333333333325,0.7603740083287055,2.5920245676671807,8.0,10.42484444292229,0.1362707320522323,0.17921540000000002,0.6720307518599775
seasonal,constant,L1,2.0,20,0.7409166666666667,0.7526666666666667,0.011750000000000038,0.7603740083287055,3.0,8.0,10.42484444292229,0.1362707320522323,0.17921540000000002,0.6854913228354038
seasonal,constant,L1,2.0,22,0.74875,0.7365,-0.012249999999999983,0.7603740083287055,3.407975432332819,8.0,10.42484444292229,0.1362707320522323,0.17921540000000002,0.6554981584492452
seasonal,constant,L1,2.0,24,0.7423333333333333,0.7423333333333333,0.0,0.7603740083287055,3.224503363531613,8.0,10.42484444292229,0.1362707320522323,0.17921540000000002,0.6393654006795435
seasonal,constant,L1,2.0,26,0.7398333333333333,0.741,0.0011666666666666492,0.7603740083287055,2.6754966364683876,8.0,10.42484444292229,0.1362707320522323,0.17921540000000002,0.6679270165467852
seasonal,constant,L1,2.0,28,0.7365833333333334,0.74525,0.0086666666666666,0.7603740083287055,2.4920245676671806,8.0,10.42484444292229,0.1362707320522323,0.17921540000000002,0.6669290338831195
seasonal,constant,L1,2.0,30,0.73475,0.7439166666666667,0.009166666666666656,0.7603740083287055,2.9,8.0,10.42484444292229,0.1362707320522323,0.17921540000000002,0.6624718737537476
seasonal,constant,L1,2.0,32,0.7419166666666667,0.7403333333333333,-0.001583333333333381,0.7603740083287055,3.307975432332819,8.0,10.42484444292229,0.1362707320522323,0.17921540000000002,0.6357373810644279
seasonal,constant,L1,2.0,34,0.7356666666666667,0.74175,0.0060833333333333295,0.7603740083287055,3.1245033635316135,8.0,10.42484444292229,0.1362707320522323,0.17921540000000002,0.6636571786376239
seasonal,constant,L1,2.0,36,0.7370833333333333,0.7505,0.013416666666666632,0.7603740083287055,2.5754966364683876,8.0,10.42484444292229,0.1362707320522323,0.17921540000000002,0.6770461678502434
seasonal,constant,L1,2.0,38,0.7405,0.7473333333333333,0.006833333333333247,0.7603740083287055,2.392024567667181,8.0,10.42484444292229,0.1362707320522323,0.17921540000000002,0.6770522957160705
seasonal,constant,L1,2.0,40,0.7399166666666667,0.7369166666666667,-0.0030000000000000027,0.7603740083287055,2.8,8.0,10.42484444292229,0.1362707320522323,0.17921540000000002,0.6396052924543478
seasonal,constant,L1,2.0,42,0.7421666666666666,0.7481666666666666,0.006000000000000005,0.7603740083287055,3.207975432332819,8.0,10.42484444292229,0.1362707320522323,0.17921540000000002,0.6659934393981347
seasonal,constant,L1,2.0,44,0.7401666666666666,0.74375,0.0035833333333333828,0.7603740083287055,3.0245033635316148,8.0,10.42484444292229,0.1362707320522323,0.17921540000000002,0.6764900511403418
seasonal,constant,L1,2.0,46,0.7471666666666666,0.7481666666666666,0.0010000000000000009,0.7603740083287055,2.475496636468388,8.0,10.42484444292229,0.1362707320522323,0.17921540000000002,0.676214405771823
seasonal,constant,L1,2.0,48,0.7446666666666667,0.75375,0.009083333333333332,0.7603740083287055,2.292024567667181,8.0,10.42484444292229,0.1362707320522323,0.17921540000000002,0.6902724510166959
seasonal,constant,L1,2.0,50,0.7458333333333333,0.7434166666666666,-0.0024166666666667336,0.7603740083287055,2.6999999999999997,8.0,10.42484444292229,0.1362707320522323,0.17921540000000002,0.6635985390441015
seasonal,constant,L2,4.5,0,0.4885,0.49683333333333335,0.00833333333333336,0.9994752004414753,3.2,14.0,15.75572751282236,0.2080367126451502,0.20814594754653132,-0.005669668821625314
seasonal,constant,L2,4.5,2,0.49366666666666664,0.4285,-0.06516666666666665,1.0573249787099364,3.607975432332819,14.0,15.75572751282236,0.2080367126451502,0.19675758809649993,-0.15634490424796
seasonal,constant,L2,4.5,4,0.492,0.4574166666666667,-0.0345833333333333,1.0313091511442534,3.4245033635316133,14.0,15.75572751282236,0.2080367126451502,0.20172099938639182,-0.09532993918466405
seasonal,constant,L2,4.5,6,0.4846666666666667,0.54775,0.06308333333333327,0.9534615286859677,2.8754966364683874,14.0,15.75572751282236,0.2080367126451502,0.2181909876656064,0.11219485265161053
seasonal,constant,L2,4.5,8,0.49425,0.5726666666666667,0.07841666666666663,0.9274457011202848,2.692024567667181,14.0,15.75572751282236,0.2080367126451502,0.22431147440098914,0.1814926483305789
seasonal,constant,L2,4.5,10,0.4925833333333333,0.5155833333333333,0.022999999999999965,0.9852954793887458,3.1,14.0,15.75572751282236,0.2080367126451502,0.2111414463955638,0.03266456170435628
seasonal,constant,L2,4.5,12,0.4965833333333333,0.44566666666666666,-0.050916666666666666,1.043145257657207,3.5079754323328194,14.0,15.75572751282236,0.2080367126451502,0.1994321606871688,-0.11734596239375789
seasonal,constant,L2,4.5,14,0.496,0.474,-0.02200000000000002,1.0171294300915237,3.3245033635316132,14.0,15.75572751282236,0.2080367126451502,0.204533175907053,-0.05943310424279901
seasonal,constant,L2,4.5,16,0.49316666666666664,0.5646666666666667,0.07150000000000001,0.9392818076332384,2.7754966364683873,14.0,15.75572751282236,0.2080367126451502,0.2214848738200861,0.14284284222685742
seasonal,constant,L2,4.5,18,0.4985,0.5895833333333333,0.09108333333333335,0.9132659800675553,2.5920245676671807,14.0,15.75572751282236,0.2080367126451502,0.2277942211640923,0.2109906778844651
seasonal,constant,L2,4.5,20,0.49825,0.52425,0.025999999999999968,0.9711157583360163,3.0,14.0,15.75572751282236,0.2080367126451502,0.21422442263898195,0.050786517614582576
seasonal,constant,L2,4.5,22,0.49325,0.45991666666666664,-0.03333333333333338,1.028965536604477,3.407975432332819,14.0,15.75572751282236,0.2080367126451502,0.20218044749259392,-0.0815606951000091
seasonal,constant,L2,4.5,24,0.49183333333333334,0.49366666666666664,0.001833333333333298,1.0029497090387942,3.224503363531613,14.0,15.75572751282236,0.2080367126451502,0.207424869632325,-0.013615076090244932
seasonal,constant,L2,4.5,26,0.4974166666666667,0.57775,0.08033333333333331,0.925102086580509,2.6754966364683876,14.0,15.75572751282236,0.2080367126451502,0.22487973561288185,0.17435929891138177
seasonal,constant,L2,4.5,28,0.48941666666666667,0.6095,0.12008333333333338,0.8990862590148258,2.4920245676671806,14.0,15.75572751282236,0.2080367126451502,0.23138682252035142,0.2594587935620282
seasonal,constant,L2,4.5,30,0.48483333333333334,0.54525,0.060416666666666674,0.9569360372832869,2.9,14.0,15.75572751282236,0.2080367126451502,0.21739876495377922,0.10085161842855402
seasonal,constant,L2,4.5,32,0.49016666666666664,0.4745,-0.015666666666666662,1.0147858155517475,3.307975432332819,14.0,15.75572751282236,0.2080367126451502,0.20500553856484374,-0.05662308276178644
seasonal,constant,L2,4.5,34,0.49241666666666667,0.5013333333333333,0.008916666666666628,0.9887699879860646,3.1245033635316135,14.0,15.75572751282236,0.2080367126451502,0.21039950157556986,0.0034132074493069394
seasonal,constant,L2,4.5,36,0.50825,0.5929166666666666,0.08466666666666667,0.9109223655277793,2.5754966364683876,14.0,15.75572751282236,0.2080367126451502,0.22838028850528422,0.23145101815677427
seasonal,constant,L2,4.5,38,0.49275,0.6160833333333333,0.1233333333333333,0.8849065379620964,2.392024567667181,14.0,15.75572751282236,0.2080367126451502,0.23509455939183166,0.2813631281202278
seasonal,constant,L2,4.5,40,0.4940833333333333,0.5540833333333334,0.06000000000000005,0.9427563162305571,2.8,14.0,15.75572751282236,0.2080367126451502,0.22066859597074656,0.12567031556300462
seasonal,constant,L2,4.5,42,0.491,0.48741666666666666,-0.0035833333333333273,1.0006060944990183,3.207975432332819,14.0,15.75572751282236,0.2080367126451502,0.2079106991141301,-0.024547245046695677
seasonal,constant,L2,4.5,44,0.49316666666666664,0.5110833333333333,0.017916666666666692,0.9745902669333355,3.0245033635316148,14.0,15.75572751282236,0.2080367126451502,0.21346069184516128,0.025939408940959953
seasonal,constant,L2,4.5,46,0.49383333333333335,0.6054166666666667,0.11158333333333337,0.8967426444750498,2.475496636468388,14.0,15.75572751282236,0.2080367126451502,0.2319915462110472,0.23991767089483607
seasonal,constant,L2,4.5,48,0.4955,0.6325,0.13699999999999996,0.8707268169093668,2.292024567667181,14.0,15.75572751282236,0.2080367126451502,0.2389230566982808,0.33114279948224545
seasonal,constant,L2,4.5,50,0.49283333333333335,0.56775,0.07491666666666663,0.9285765951778276,2.6999999999999997,14.0,15.75572751282236,0.2080367126451502,0.2240382901372934,0.1522561746767411
seasonal,constant,L3,8.0,0,0.21991666666666668,0.21741666666666667,-0.0025000000000000022,1.3381792659509093,3.2,21.0,23.330086030389968,0.33793331155619627,0.2525321682637648,-0.6000669873363906
seasonal,constant,L3,8.0,2,0.22391666666666668,0.18716666666666668,-0.036750000000000005,1.392545365871568,3.607975432332819,21.0,23.330086030389968,0.33793331155619627,0.24267310770496164,-0.6712055407848636
seasonal,constant,L3,8.0,4,0.21433333333333332,0.20275,-0.011583333333333307,1.368096195567217,3.4245033635316133,21.0,23.330086030389968,0.33793331155619627,0.24700990518878538,-0.6431393867440739
seasonal,constant,L3,8.0,6,0.21833333333333332,0.24641666666666667,0.02808333333333335,1.2949365094313015,2.8754966364683874,21.0,23.330086030389968,0.33793331155619627,0.26096515859654523,-0.5292873898185592
seasonal,constant,L3,8.0,8,0.219,0.27175,0.05274999999999999,1.27048733912695,2.692024567667181,21.0,23.330086030389968,0.33793331155619627,0.26598715402265743,-0.5013922225021169
seasonal,constant,L3,8.0,10,0.21758333333333332,0.22475,0.007166666666666682,1.3248534390476094,3.1,21.0,23.330086030389968,0.33793331155619627,0.25507222278044933,-0.5950763873799784
seasonal,constant,L3,8.0,12,0.21641666666666667,0.19583333333333333,-0.020583333333333342,1.3792195389682689,3.5079754323328194,21.0,23.330086030389968,0.33793331155619627,0.24501778143963124,-0.6658622013931219
seasonal,constant,L3,8.0,14,0.22058333333333333,0.20966666666666667,-0.010916666666666658,1.3547703686639176,3.3245033635316132,21.0,23.330086030389968,0.33793331155619627,0.24943955032723963,-0.6280504655308441
seasonal,constant,L3,8.0,16,0.215,0.25166666666666665,0.03666666666666665,1.281610682528002,2.7754966364683873,21.0,23.330086030389968,0.33793331155619627,0.2636786008131707,-0.5322057324143505
seasonal,constant,L3,8.0,18,0.22333333333333333,0.27725,0.05391666666666667,1.2571615122236506,2.5920245676671807,21.0,23.330086030389968,0.33793331155619627,0.2688065998444896,-0.4825792952376439
seasonal,constant,L3,8.0,20,0.21241666666666667,0.23566666666666666,0.023249999999999993,1.3115276121443098,3.0,21.0,23.330086030389968,0.33793331155619627,0.2576638939409633,-0.5816658267047357
seasonal,constant,L3,8.0,22,0.21491666666666667,0.20491666666666666,-0.010000000000000009,1.365893712064969,3.407975432332819,21.0,23.330086030389968,0.33793331155619627,0.24740820502446415,-0.641514436138941
seasonal,constant,L3,8.0,24,0.21641666666666667,0.21858333333333332,0.00216666666666665,1.341444541760618,3.224503363531613,21.0,23.330086030389968,0.33793331155619627,0.25191746735401066,-0.6118857892840482
seasonal,constant,L3,8.0,26,0.21841666666666668,0.2604166666666667,0.04200000000000001,1.2682848556247028,2.6754966364683876,21.0,23.330086030389968,0.33793331155619627,0.26644906312450195,-0.49714470684000694
seasonal,constant,L3,8.0,28,0.21608333333333332,0.2768333333333333,0.06075,1.2438356853203512,2.4920245676671806,21.0,23.330086030389968,0.33793331155619627,0.27168645790152035,-0.4792911104821176
seasonal,constant,L3,8.0,30,0.21158333333333335,0.24991666666666668,0.03833333333333333,1.2982017852410102,2.9,21.0,23.330086030389968,0.33793331155619627,0.2603087712542771,-0.5348758923369984
seasonal,constant,L3,8.0,32,0.221,0.21808333333333332,-0.0029166666666666785,1.3525678851616698,3.307975432332819,21.0,23.330086030389968,0.33793331155619627,0.24984573067532487,-0.5999801009689455
seasonal,constant,L3,8.0,34,0.21483333333333332,0.22258333333333333,0.007750000000000007,1.3281187148573186,3.1245033635316135,21.0,23.330086030389968,0.33793331155619627,0.2544451092931861,-0.5900740676922991
seasonal,constant,L3,8.0,36,0.215,0.26216666666666666,0.04716666666666666,1.254959028721403,2.5754966364683876,21.0,23.330086030389968,0.33793331155619627,0.26927836194022586,-0.503090500481895
seasonal,constant,L3,8.0,38,0.222,0.2961666666666667,0.07416666666666669,1.2305098584170515,2.392024567667181,21.0,23.330086030389968,0.33793331155619627,0.2746286908996563,-0.44058280325897115
seasonal,constant,L3,8.0,40,0.22116666666666668,0.2515833333333333,0.030416666666666647,1.284875958337711,2.8,21.0,23.330086030389968,0.33793331155619627,0.2630085101704233,-0.5280941637657575
seasonal,constant,L3,8.0,42,0.21816666666666668,0.21383333333333332,-0.004333333333333356,1.33924205825837,3.207975432332819,21.0,23.330086030389968,0.33793331155619627,0.2523317644277576,-0.6010145520654813
seasonal,constant,L3,8.0,44,0.21633333333333332,0.23,0.013666666666666688,1.3147928879540192,3.0245033635316148,21.0,23.330086030389968,0.33793331155619627,0.25702398807622273,-0.5764646498375554
seasonal,constant,L3,8.0,46,0.21641666666666667,0.28833333333333333,0.07191666666666666,1.2416332018181035,2.475496636468388,21.0,23.330086030389968,0.33793331155619627,0.27216839164848844,-0.4608170621384036
seasonal,constant,L3,8.0,48,0.21483333333333332,0.2926666666666667,0.07783333333333337,1.217184031513752,2.292024567667181,21.0,23.330086030389968,0.33793331155619627,0.27763534749624114,-0.45853909633994006
seasonal,constant,L3,8.0,50,0.22491666666666665,0.2678333333333333,0.04291666666666666,1.2715501314344113,2.6999999999999997,21.0,23.330086030389968,0.33793331155619627,0.265764835535804,-0.4953698370411061
seasonal,constant,L4,12.5,0,0.03908333333333333,0.03825,-0.0008333333333333318,1.9234196628931783,3.2,28.0,31.877396808363123,0.49107142857142855,0.25531164001555773,-1.232797998956021
seasonal,constant,L4,12.5,2,0.03866666666666667,0.035333333333333335,-0.003333333333333334,1.9799115880932845,3.607975432332819,28.0,31.877396808363123,0.49107142857142855,0.248026948033748,-1.2808617781638387
seasonal,constant,L4,12.5,4,0.042,0.03741666666666667,-0.004583333333333335,1.9545064054141201,3.4245033635316133,28.0,31.877396808363123,0.49107142857142855,0.2512508668230128,-1.2426848556775116
seasonal,constant,L4,12.5,6,0.04016666666666667,0.04625,0.0060833333333333295,1.8784860264852485,2.8754966364683874,28.0,31.877396808363123,0.49107142857142855,0.26141872851205095,-1.1961866347782315
seasonal,constant,L4,12.5,8,0.03983333333333333,0.05075,0.010916666666666672,1.8530808438060835,2.692024567667181,28.0,31.877396808363123,0.49107142857142855,0.26500270088746164,-1.1675390070650111
seasonal,constant,L4,12.5,10,0.04158333333333333,0.04225,0.0006666666666666696,1.9095727690061908,3.1,28.0,31.877396808363123,0.49107142857142855,0.25716298249634106,-1.196133779544244
seasonal,constant,L4,12.5,12,0.042,0.033416666666666664,-0.008583333333333339,1.9660646942062974,3.5079754323328194,28.0,31.877396808363123,0.49107142857142855,0.2497737892443436,-1.2803818124396693
seasonal,constant,L4,12.5,14,0.04125,0.03908333333333333,-0.002166666666666671,1.9406595115271317,3.3245033635316132,28.0,31.877396808363123,0.49107142857142855,0.2530435790794634,-1.2131622287215724
seasonal,constant,L4,12.5,16,0.04133333333333333,0.04766666666666667,0.006333333333333337,1.8646391325982608,2.7754966364683873,28.0,31.877396808363123,0.49107142857142855,0.2633600357229179,-1.18231932891678
seasonal,constant,L4,12.5,18,0.043083333333333335,0.049,0.005916666666666667,1.8392339499190953,2.5920245676671807,28.0,31.877396808363123,0.49107142857142855,0.26699780557716973,-1.169249732214402
seasonal,constant,L4,12.5,20,0.03875,0.043,0.004249999999999997,1.8957258751192025,3.0,28.0,31.877396808363123,0.49107142857142855,0.2590413703882953,-1.1659425268522656
seasonal,constant,L4,12.5,22,0.04066666666666666,0.036333333333333336,-0.004333333333333328,1.9522178003193082,3.407975432332819,28.0,31.877396808363123,0.49107142857142855,0.25154541080975085,-1.2495680485395535
seasonal,constant,L4,12.5,24,0.043583333333333335,0.03941666666666667,-0.004166666666666666,1.9268126176401439,3.224503363531613,28.0,31.877396808363123,0.49107142857142855,0.2548620577193782,-1.2435097011078784
seasonal,constant,L4,12.5,26,0.04041666666666666,0.049916666666666665,0.009500000000000001,1.8507922387112727,2.6754966364683876,28.0,31.877396808363123,0.49107142857142855,0.26533039111584295,-1.1921843397564964
seasonal,constant,L4,12.5,28,0.03766666666666667,0.05441666666666667,0.01675,1.8253870560321075,2.4920245676671806,28.0,31.877396808363123,0.49107142857142855,0.26902317891904176,-1.1778757209936317
seasonal,constant,L4,12.5,30,0.043166666666666666,0.043166666666666666,0.0,1.8818789812322143,2.9,28.0,31.877396808363123,0.49107142857142855,0.2609474006930485,-1.2152758167398572
seasonal,constant,L4,12.5,32,0.03766666666666667,0.0405,0.0028333333333333335,1.93837090643232,3.307975432332819,28.0,31.877396808363123,0.49107142857142855,0.253342343790783,-1.2547393333188843
seasonal,constant,L4,12.5,34,0.0385,0.03983333333333333,0.0013333333333333322,1.9129657237531554,3.1245033635316135,28.0,31.877396808363123,0.49107142857142855,0.25670686226827305,-1.2005405090552301
seasonal,constant,L4,12.5,36,0.043916666666666666,0.05266666666666667,0.00875,1.8369453448242843,2.5754966364683876,28.0,31.877396808363123,0.49107142857142855,0.26733045158640945,-1.1719953667200158
seasonal,constant,L4,12.5,38,0.03933333333333333,0.05675,0.01741666666666667,1.8115401621451197,2.392024567667181,28.0,31.877396808363123,0.49107142857142855,0.27107951500778793,-1.1645140432823737
seasonal,constant,L4,12.5,40,0.04058333333333333,0.04716666666666667,0.006583333333333337,1.8680320873452263,2.8,28.0,31.877396808363123,0.49107142857142855,0.26288168811346274,-1.1658946457402988
seasonal,constant,L4,12.5,42,0.03875,0.03816666666666667,-0.0005833333333333315,1.9245240125453325,3.207975432332819,28.0,31.877396808363123,0.49107142857142855,0.25516513453212175,-1.2367396016090058
seasonal,constant,L4,12.5,44,0.04033333333333333,0.04125,0.0009166666666666698,1.8991188298661679,3.0245033635316148,28.0,31.877396808363123,0.49107142857142855,0.25857856857015876,-1.2111971205604828
seasonal,constant,L4,12.5,46,0.03983333333333333,0.05633333333333333,0.0165,1.8230984509372965,2.475496636468388,28.0,31.877396808363123,0.49107142857142855,0.26936089398735297,-1.1243289578622777
seasonal,constant,L4,12.5,48,0.04016666666666667,0.058833333333333335,0.018666666666666665,1.7976932682581312,2.292024567667181,28.0,31.877396808363123,0.49107142857142855,0.273167529323426,-1.121395138156737
seasonal,constant,L4,12.5,50,0.03991666666666667,0.049,0.009083333333333332,1.8541851934582378,2.6999999999999997,28.0,31.877396808363123,0.49107142857142855,0.26484486571459026,-1.1915736776729953
seasonal,fines_accumulation,L1,2.0,0,0.7489166666666667,0.73975,-0.009166666666666656,0.7603740083287055,3.2,8.0,10.42484444292229,0.1362707320522323,0.17921540000000002,0.6530012583005711
seasonal,fines_accumulation,L1,2.0,2,0.7448333333333333,0.7335833333333334,-0.011249999999999982,0.764006475134227,3.607975432332819,8.2,10.47929925800245,0.13692172604377056,0.17921540000000002,0.6276418798486114
seasonal,fines_accumulation,L1,2.0,4,0.7355,0.7349166666666667,-0.0005833333333333801,0.7678609447851612,3.4245033635316133,8.4,10.536927776179398,0.1376125063640506,0.17921540000000002,0.6511564952468546
seasonal,fines_accumulation,L1,2.0,6,0.7356666666666667,0.72375,-0.011916666666666687,0.771925341778024,2.8754966364683874,8.6,10.597524177025196,0.1383409088968853,0.17921540000000002,0.5980678233155438
seasonal,fines_accumulation,L1,2.0,8,0.7414166666666666,0.7278333333333333,-0.01358333333333328,0.7761865084248941,2.692024567667181,8.8,10.660867627855874,0.13910457558197079,0.17921540000000002,0.599977168056743
seasonal,fines_accumulation,L1,2.0,10,0.7439166666666667,0.7179166666666666,-0.026000000000000023,0.7806305379855152,3.1,9.0,10.726727724576358,0.1399010141172893,0.17921540000000002,0.575617506784341
seasonal,fines_accumulation,L1,2.0,12,0.739,0.71675,-0.022249999999999992,0.7852430683045997,3.5079754323328194,9.2,10.794869249895504,0.14072765058343617,0.17921540000000002,0.5866985025549911
seasonal,fines_accumulation,L1,2.0,14,0.7381666666666666,0.7089166666666666,-0.029249999999999998,0.7900095353036972,3.3245033635316132,9.4,10.865056238431336,0.14158187487326623,0.17921540000000002,0.5546131953182554
seasonal,fines_accumulation,L1,2.0,16,0.7429166666666667,0.7060833333333333,-0.036833333333333385,0.7949153874935635,2.7754966364683873,9.6,10.937055369988979,0.142461079135814,0.17921540000000002,0.5429865642900342
seasonal,fines_accumulation,L1,2.0,18,0.7490833333333333,0.7075,-0.041583333333333306,0.7999462638760481,2.5920245676671807,9.8,11.01063873360181,0.14336268965905152,0.17921540000000002,0.5580822497907699
seasonal,fines_accumulation,L1,2.0,20,0.74625,0.6875,-0.05874999999999997,0.8050881383304005,3.0,10.0,11.085586017933451,0.14428419274613807,0.17921540000000002,0.5061618943593518
seasonal,fines_accumulation,L1,2.0,22,0.7410833333333333,0.6910833333333334,-0.04999999999999993,0.810327433947032,3.407975432332819,10.2,11.161686190302968,0.14522315520579093,0.17921540000000002,0.5028702954369869
seasonal,fines_accumulation,L1,2.0,24,0.7461666666666666,0.69425,-0.05191666666666661,0.8156511108816685,3.224503363531613,10.4,11.238738728601453,0.1461772400971026,0.17921540000000002,0.49229721677051586
seasonal,fines_accumulation,L1,2.0,26,0.74,0.68375,-0.05625000000000002,0.8210467312342232,2.6754966364683876,10.6,11.316554469100689,0.14714421835683383,0.17921540000000002,0.47205606148643575
seasonal,fines_accumulation,L1,2.0,28,0.737,0.68125,-0.055749999999999966,0.8265025042713713,2.4920245676671806,10.8,11.39495612971379,0.14812197690399553,0.17921540000000002,0.4527234347062833
seasonal,fines_accumulation,L1,2.0,30,0.7395833333333334,0.675,-0.06458333333333333,0.832007315056125,2.9,11.0,11.473778563499312,0.1491085237707095,0.17921540000000002,0.4485605759760256
seasonal,fines_accumulation,L1,2.0,32,0.74525,0.6660833333333334,-0.07916666666666661,0.8375507392556149,3.307975432332819,11.2,11.552868791734353,0.15010199075599073,0.17921540000000002,0.41929573066206005
seasonal,fines_accumulation,L1,2.0,34,0.7425833333333334,0.6619166666666667,-0.08066666666666666,0.8431230465937375,3.1245033635316135,11.4,11.632085860172884,0.15110063404451532,0.17921540000000002,0.40555306808570424
seasonal,fines_accumulation,L1,2.0,36,0.7370833333333333,0.6556666666666666,-0.08141666666666669,0.8487151951146258,2.5754966364683876,11.6,11.711300556466503,0.15210283317854573,0.17921540000000002,0.36903027604361494
seasonal,fines_accumulation,L1,2.0,38,0.7485,0.6633333333333333,-0.08516666666666672,0.8543188181366327,2.392024567667181,11.8,11.790395021363551,0.1531070887198839,0.17921540000000002,0.41180336261068423
seasonal,fines_accumulation,L1,2.0,40,0.7433333333333333,0.6465833333333333,-0.09675,0.8599262055109999,2.8,12.0,11.86926228134402,0.15411201889113607,0.17921540000000002,0.3576091077603201
seasonal,fines_accumulation,L1,2.0,42,0.7439166666666667,0.6400833333333333,-0.10383333333333333,0.8655302805579275,3.207975432332819,12.2,11.947805725859276,0.1551163554423012,0.17921540000000002,0.3570098023206718
seasonal,fines_accumulation,L1,2.0,44,0.7330833333333333,0.633,-0.1000833333333333,0.8711245738366118,3.0245033635316148,12.4,12.02593854835187,0.15611893894995793,0.17921540000000002,0.32361612918696164
seasonal,fines_accumulation,L1,2.0,46,0.7356666666666667,0.6299166666666667,-0.10575000000000001,0.8767031947146928,2.475496636468388,12.600000000000001,12.103583166727596,0.1571187137220716,0.17921540000000002,0.32084211630041265
seasonal,fines_accumulation,L1,2.0,48,0.74725,0.6398333333333334,-0.1074166666666666,0.8822608015354225,2.292024567667181,12.8,12.180670635917377,0.15811472245149139,0.17921540000000002,0.3383145888421827
seasonal,fines_accumulation,L1,2.0,50,0.7418333333333333,0.6190833333333333,-0.12275000000000003,0.8877925710359588,2.6999999999999997,13.0,12.257140062565918,0.1591061007352378,0.17921540000000002,0.2842522312933769
seasonal,fines_accumulation,L2,4.5,0,0.4940833333333333,0.49325,-0.0008333333333332971,0.9994752004414753,3.2,14.0,15.75572751282236,0.2080367126451502,0.20814594754653132,-0.01670906330739884
seasonal,fines_accumulation,L2,4.5,2,0.4915833333333333,0.4335,-0.05808333333333332,1.063063815978756,3.607975432332819,14.2,15.830970151529089,0.2091658724246415,0.19675758809649993,-0.14472949210761385
seasonal,fines_accumulation,L2,4.5,4,0.4905833333333333,0.44483333333333336,-0.04574999999999996,1.0424576307151936,3.4245033635316133,14.4,15.905371963829179,0.21028559508583902,0.20172099938639182,-0.11354194672810919
seasonal,fines_accumulation,L2,4.5,6,0.49516666666666664,0.5270833333333333,0.031916666666666704,0.9688554959459417,2.8754966364683874,14.6,15.978917345957672,0.21139553756569593,0.2181909876656064,0.06277467079491526
seasonal,fines_accumulation,L2,4.5,8,0.5024166666666666,0.5524166666666667,0.050000000000000044,0.947322966404522,2.692024567667181,14.8,16.051594383339175,0.21249541132811703,0.22431147440098914,0.12392076797502465
seasonal,fines_accumulation,L2,4.5,10,0.48966666666666664,0.49041666666666667,0.0007500000000000284,1.0115729595671938,3.1,15.0,16.12339449652951,0.21358497781765848,0.2111414463955638,-0.020912013698804584
seasonal,fines_accumulation,L2,4.5,12,0.4965833333333333,0.41841666666666666,-0.07816666666666666,1.0763762647542374,3.5079754323328194,15.2,16.194312112886166,0.21466404419232163,0.1994321606871688,-0.19350711466642193
seasonal,fines_accumulation,L2,4.5,14,0.48983333333333334,0.44475,-0.045083333333333364,1.0547553391911504,3.3245033635316132,15.4,16.26434436291288,0.21573245932968693,0.204533175907053,-0.12451121988520056
seasonal,fines_accumulation,L2,4.5,16,0.4980833333333333,0.5189166666666667,0.02083333333333337,0.9788032309355363,2.7754966364683873,15.6,16.333490800109878,0.21679011009844987,0.2214848738200861,0.043299575145431354
seasonal,fines_accumulation,L2,4.5,18,0.49416666666666664,0.531,0.036833333333333385,0.956288165575958,2.5920245676671807,15.8,16.401753143090726,0.21783691788581389,0.2277942211640923,0.08393615106963138
seasonal,fines_accumulation,L2,4.5,20,0.4880833333333333,0.47275,-0.01533333333333331,1.0216987992023019,3.0,16.0,16.46913503869021,0.21887283537005425,0.21422442263898195,-0.06633863384023325
seasonal,fines_accumulation,L2,4.5,22,0.49566666666666664,0.41133333333333333,-0.08433333333333332,1.0876315996622872,3.407975432332819,16.2,16.53564184477822,0.21989784352680697,0.20218044749259392,-0.184735678343539
seasonal,fines_accumulation,L2,4.5,24,0.495,0.43091666666666667,-0.06408333333333333,1.065021514771917,3.224503363531613,16.4,16.60128043150583,0.2209119488571862,0.207424869632325,-0.151864738581041
seasonal,fines_accumulation,L2,4.5,26,0.4969166666666667,0.517,0.020083333333333342,0.9868171546041251,2.6754966364683876,16.6,16.666058999737075,0.22191518082563202,0.22487973561288185,0.03263819061776751
seasonal,fines_accumulation,L2,4.5,28,0.49733333333333335,0.5321666666666667,0.03483333333333333,0.9633547281015776,2.4920245676671806,16.8,16.729986915458667,0.22290758949538114,0.23138682252035142,0.07778105654703873
seasonal,fines_accumulation,L2,4.5,30,0.48883333333333334,0.4623333333333333,-0.026500000000000024,1.029855176027347,2.9,17.0,16.793074559007557,0.22388924334960214,0.21739876495377922,-0.0791467566803206
seasonal,fines_accumulation,L2,4.5,32,0.49091666666666667,0.39975,-0.09116666666666667,1.0968495234843458,3.307975432332819,17.2,16.855333188009293,0.22486022728650054,0.20500553856484374,-0.20632965705104803
seasonal,fines_accumulation,L2,4.5,34,0.48425,0.41541666666666666,-0.06883333333333336,1.0732945614699723,3.1245033635316135,17.4,16.916774812977053,0.22582064077705197,0.21039950157556986,-0.18683072954663893
seasonal,fines_accumulation,L2,4.5,36,0.49325,0.5030833333333333,0.009833333333333305,0.9929517019994272,2.5754966364683876,17.6,16.977412084580198,0.22677059617444217,0.22838028850528422,0.007588814545550056
seasonal,fines_accumulation,L2,4.5,38,0.493,0.5245,0.03149999999999997,0.9685899059247595,2.392024567667181,17.8,17.037258191650594,0.227710217164757,0.23509455939183166,0.05256055996237724
seasonal,fines_accumulation,L2,4.5,40,0.49191666666666667,0.458,-0.03391666666666665,1.0361222281908515,2.8,18.0,17.096326769054144,0.2286396373489567,0.22066859597074656,-0.09074695949615008
seasonal,fines_accumulation,L2,4.5,42,0.49625,0.3869166666666667,-0.10933333333333334,1.10412306785939,3.207975432332819,18.2,17.15463181461303,0.2295589989466839,0.2079106991141301,-0.24950871571603633
seasonal,fines_accumulation,L2,4.5,44,0.5015,0.40908333333333335,-0.09241666666666659,1.0796763077117035,3.0245033635316148,18.4,17.212187614320314,0.23046845161296947,0.21346069184516128,-0.18316057918022424
seasonal,fines_accumulation,L2,4.5,46,0.49925,0.5044166666666666,0.005166666666666597,0.9973128553095469,2.475496636468388,18.6,17.269008675142747,0.23136815135941619,0.2319915462110472,0.011019603195590711
seasonal,fines_accumulation,L2,4.5,48,0.4905,0.5246666666666666,0.03416666666666662,0.9721048390288132,2.292024567667181,18.8,17.32510966475941,0.23225825957195426,0.2389230566982808,0.05937979020163334
seasonal,fines_accumulation,L2,4.5,50,0.4935833333333333,0.45658333333333334,-0.03699999999999998,1.040620966955607,2.6999999999999997,19.0,17.380505357632615,0.2331389421177511,0.2240382901372934,-0.10151973231431871
seasonal,fines_accumulation,L3,8.0,0,0.21866666666666668,0.21716666666666667,-0.0015000000000000013,1.3381792659509093,3.2,21.0,23.330086030389968,0.33793331155619627,0.2525321682637648,-0.6125007459054476
seasonal,fines_accumulation,L3,8.0,2,0.21933333333333332,0.19075,-0.02858333333333332,1.396965617525912,3.607975432332819,21.2,23.38558035417299,0.33900598776199387,0.24267310770496164,-0.6868023883955796
seasonal,fines_accumulation,L3,8.0,4,0.21558333333333332,0.19458333333333333,-0.02099999999999999,1.376749370532786,3.4245033635316133,21.4,23.440574480982843,0.34007073148402345,0.24700990518878538,-0.6566683238860253
seasonal,fines_accumulation,L3,8.0,6,0.21491666666666667,0.23141666666666666,0.016499999999999987,1.307177373431162,2.8754966364683874,21.6,23.495081550076552,0.34112775057127864,0.26096515859654523,-0.5728818711834291
seasonal,fines_accumulation,L3,8.0,8,0.2225,0.2544166666666667,0.031916666666666677,1.286442767526879,2.692024567667181,21.8,23.549114475577678,0.34217725054750564,0.26598715402265743,-0.5354348903088653
seasonal,fines_accumulation,L3,8.0,10,0.22066666666666668,0.20783333333333334,-0.012833333333333335,1.345577463048408,3.1,22.0,23.602685940434384,0.3432194344230354,0.25507222278044933,-0.6309665961150297
seasonal,fines_accumulation,L3,8.0,12,0.21841666666666668,0.1845,-0.03391666666666668,1.4050184460477728,3.5079754323328194,22.2,23.65580839166043,0.3442545025323835,0.24501778143963124,-0.6866357056736745
seasonal,fines_accumulation,L3,8.0,14,0.21983333333333333,0.18708333333333332,-0.03275,1.3842337830639333,3.3245033635316132,22.4,23.708494036724854,0.3452826523952413,0.24943955032723963,-0.6713628594962721
seasonal,fines_accumulation,L3,8.0,16,0.22058333333333333,0.23041666666666666,0.009833333333333333,1.3133567818196097,2.7754966364683873,22.6,23.760754840968588,0.34630407859868334,0.2636786008131707,-0.5780308439321193
seasonal,fines_accumulation,L3,8.0,18,0.2185,0.24441666666666667,0.02591666666666667,1.2920775490614,2.5920245676671807,22.8,23.812602525937308,0.3473189726985967,0.2688065998444896,-0.5433621283990981
seasonal,fines_accumulation,L3,8.0,20,0.21633333333333332,0.20675,-0.009583333333333333,1.3518678065864695,3.0,23.0,23.864048568529853,0.34832752313849874,0.2576638939409633,-0.6459187863530941
seasonal,fines_accumulation,L3,8.0,22,0.22008333333333333,0.1835,-0.03658333333333333,1.411957680019271,3.407975432332819,23.2,23.915104200871095,0.3493299151840745,0.24740820502446415,-0.6978623323838998
seasonal,fines_accumulation,L3,8.0,24,0.22241666666666668,0.19275,-0.029666666666666675,1.3906393016391891,3.224503363531613,23.4,23.965780410826447,0.35032633087189463,0.25191746735401066,-0.6560798291338896
seasonal,fines_accumulation,L3,8.0,26,0.22066666666666668,0.22575,0.005083333333333329,1.3185144839738372,2.6754966364683876,23.6,24.016087943083082,0.35131694897091503,0.26644906312450195,-0.5876156482479539
seasonal,fines_accumulation,L3,8.0,28,0.21283333333333335,0.23591666666666666,0.023083333333333317,1.296722507542769,2.4920245676671806,23.8,24.066037300729878,0.35230194495547246,0.27168645790152035,-0.5807326455936002
seasonal,fines_accumulation,L3,8.0,30,0.21916666666666668,0.2095,-0.009666666666666685,1.3571632230690795,2.9,24.0,24.115638747274726,0.35328149098860645,0.2603087712542771,-0.6266837358473274
seasonal,fines_accumulation,L3,8.0,32,0.22041666666666668,0.17733333333333334,-0.043083333333333335,1.41789797631159,3.307975432332819,24.2,24.16490230904355,0.35425575591463365,0.24984573067532487,-0.7083722101588402
seasonal,fines_accumulation,L3,8.0,34,0.21758333333333332,0.18716666666666668,-0.030416666666666647,1.3960767658170523,3.1245033635316135,24.4,24.213837777910857,0.3552249052599976,0.2544451092931861,-0.6721174742327267
seasonal,fines_accumulation,L3,8.0,36,0.2175,0.22091666666666668,0.003416666666666679,1.3227542631909273,2.5754966364683876,24.6,24.26245471431651,0.35618910124150327,0.26927836194022586,-0.6141104066112982
seasonal,fines_accumulation,L3,8.0,38,0.22641666666666665,0.24341666666666667,0.017000000000000015,1.3004777527473022,2.392024567667181,24.8,24.31076245052775,0.3571485027811185,0.2746286908996563,-0.5509582805665546
seasonal,fines_accumulation,L3,8.0,40,0.21141666666666667,0.20308333333333334,-0.008333333333333331,1.3615653170103246,2.8,25.0,24.35877009410977,0.3581032655266056,0.2630085101704233,-0.637568982918511
seasonal,fines_accumulation,L3,8.0,42,0.21366666666666667,0.1715,-0.04216666666666666,1.4229423025340082,3.207975432332819,25.2,24.40648653157149,0.3590535418773024,0.2523317644277576,-0.7339991286475129
seasonal,fines_accumulation,L3,8.0,44,0.21416666666666667,0.18125,-0.03291666666666668,1.4006454561263784,3.0245033635316148,25.4,24.453920432156913,0.35999948101444185,0.25702398807622273,-0.7040663991208935
seasonal,fines_accumulation,L3,8.0,46,0.2195,0.22575,0.0062500000000000056,1.3261687984753638,2.475496636468388,25.6,24.501080251755134,0.36094122893544817,0.27216839164848844,-0.5893929822027738
seasonal,fines_accumulation,L3,8.0,48,0.21941666666666668,0.23425,0.014833333333333337,1.3034324762865457,2.292024567667181,25.8,24.547974236905063,0.3618789284917012,0.27763534749624114,-0.5869204257976953
seasonal,fines_accumulation,L3,8.0,50,0.21816666666666668,0.19825,-0.019916666666666666,1.3651645022858252,2.6999999999999997,26.0,24.594610428873402,0.36281271942931004,0.265764835535804,-0.6578294561477848
seasonal,fines_accumulation,L4,12.5,0,0.03691666666666667,0.03991666666666667,0.0030000000000000027,1.9234196628931783,3.2,28.0,31.877396808363123,0.49107142857142855,0.25531164001555773,-1.2169769333186746
seasonal,fines_accumulation,L4,12.5,2,0.0395,0.032,-0.0075,1.9799115880932845,3.607975432332819,28.2,31.93121515341263,0.49107142857142855,0.248026948033748,-1.2651775315991978
seasonal,fines_accumulation,L4,12.5,4,0.04008333333333333,0.03575,-0.004333333333333335,1.9545064054141201,3.4245033635316133,28.4,31.984891600275596,0.49107142857142855,0.2512508668230128,-1.2546082084970078
seasonal,fines_accumulation,L4,12.5,6,0.042416666666666665,0.043583333333333335,0.00116666666666667,1.8784860264852485,2.8754966364683874,28.6,32.0384317792295,0.49107142857142855,0.26141872851205095,-1.2033658008292676
seasonal,fines_accumulation,L4,12.5,8,0.0385,0.050583333333333334,0.012083333333333335,1.8530808438060835,2.692024567667181,28.8,32.091841173603314,0.49107142857142855,0.26500270088746164,-1.1573520696919561
seasonal,fines_accumulation,L4,12.5,10,0.03866666666666667,0.03941666666666667,0.0007500000000000007,1.9095727690061908,3.1,29.0,32.145125123499355,0.49107142857142855,0.25716298249634106,-1.2099035552596662
seasonal,fines_accumulation,L4,12.5,12,0.03941666666666667,0.03333333333333333,-0.006083333333333336,1.9660646942062974,3.5079754323328194,29.2,32.19828882944759,0.49107142857142855,0.2497737892443436,-1.237362038019776
seasonal,fines_accumulation,L4,12.5,14,0.04058333333333333,0.036583333333333336,-0.003999999999999997,1.9406595115271317,3.3245033635316132,29.4,32.251337355990664,0.49107142857142855,0.2530435790794634,-1.254406150205458
seasonal,fines_accumulation,L4,12.5,16,0.03816666666666667,0.04375,0.005583333333333329,1.8646391325982608,2.7754966364683873,29.6,32.30427563519811,0.49107142857142855,0.2633600357229179,-1.1939653610045835
seasonal,fines_accumulation,L4,12.5,18,0.03941666666666667,0.04691666666666667,0.0075,1.8392339499190953,2.5920245676671807,29.8,32.357108470108756,0.49107142857142855,0.26699780557716973,-1.1972965027819789
seasonal,fines_accumulation,L4,12.5,20,0.03916666666666667,0.043583333333333335,0.004416666666666666,1.8957258751192025,3.0,30.0,32.4098405381004,0.49107142857142855,0.2590413703882953,-1.232805488550211
seasonal,fines_accumulation,L4,12.5,22,0.04466666666666667,0.030833333333333334,-0.013833333333333333,1.9522178003193082,3.407975432332819,30.2,32.46247639418644,0.49107142857142855,0.25154541080975085,-1.2535050928056812
seasonal,fines_accumulation,L4,12.5,24,0.03766666666666667,0.035333333333333335,-0.002333333333333333,1.9268126176401439,3.224503363531613,30.4,32.51502047423912,0.49107142857142855,0.2548620577193782,-1.2331171679513877
seasonal,fines_accumulation,L4,12.5,26,0.0385,0.043,0.004499999999999997,1.8507922387112727,2.6754966364683876,30.6,32.56747709813939,0.49107142857142855,0.26533039111584295,-1.1871031133451628
seasonal,fines_accumulation,L4,12.5,28,0.042083333333333334,0.044083333333333335,0.0020000000000000018,1.8253870560321075,2.4920245676671806,30.8,32.61985047285365,0.49107142857142855,0.26902317891904176,-1.2287587236426767
seasonal,fines_accumulation,L4,12.5,30,0.04,0.042833333333333334,0.0028333333333333335,1.8818789812322143,2.9,31.0,32.67214469543765,0.49107142857142855,0.2609474006930485,-1.223781318147618
seasonal,fines_accumulation,L4,12.5,32,0.041416666666666664,0.03575,-0.005666666666666667,1.93837090643232,3.307975432332819,31.2,32.724363755968184,0.49107142857142855,0.253342343790783,-1.2940342169992225
seasonal,fines_accumulation,L4,12.5,34,0.04008333333333333,0.03791666666666667,-0.002166666666666664,1.9129657237531554,3.1245033635316135,31.4,32.776511540403035,0.49107142857142855,0.25670686226827305,-1.2758697621352248
seasonal,fines_accumulation,L4,12.5,36,0.040916666666666664,0.048666666666666664,0.00775,1.8369453448242843,2.5754966364683876,31.6,32.82859183337026,0.49107142857142855,0.26733045158640945,-1.1977069820681336
seasonal,fines_accumulation,L4,12.5,38,0.041666666666666664,0.051333333333333335,0.00966666666666667,1.8115401621451197,2.392024567667181,31.8,32.880608320887376,0.49107142857142855,0.27107951500778793,-1.1763519175246695
seasonal,fines_accumulation,L4,12.5,40,0.04158333333333333,0.04083333333333333,-0.0007500000000000007,1.8680320873452263,2.8,32.0,32.93256459301162,0.49107142857142855,0.26288168811346274,-1.2362903630531756
seasonal,fines_accumulation,L4,12.5,42,0.04016666666666667,0.0345,-0.005666666666666667,1.9245240125453325,3.207975432332819,32.2,32.984464146422226,0.49107142857142855,0.25516513453212175,-1.2536146779348711
seasonal,fines_accumulation,L4,12.5,44,0.0395,0.034083333333333334,-0.005416666666666667,1.8991188298661679,3.0245033635316148,32.4,33.03631038693587,0.49107142857142855,0.25857856857015876,-1.2532903596998306
seasonal,fines_accumulation,L4,12.5,46,0.03975,0.0465,0.006749999999999999,1.8230984509372965,2.475496636468388,32.6,33.0881066319564,0.49107142857142855,0.26936089398735297,-1.1783510077384072
seasonal,fines_accumulation,L4,12.5,48,0.03841666666666667,0.051083333333333335,0.012666666666666666,1.7976932682581312,2.292024567667181,32.8,33.13985611286015,0.49107142857142855,0.273167529323426,-1.153297828072799
seasonal,fines_accumulation,L4,12.5,50,0.039,0.042916666666666665,0.0039166666666666655,1.8541851934582378,2.6999999999999997,33.0,33.191561977317875,0.49107142857142855,0.26484486571459026,-1.2158441169011245
seasonal,fines_washout,L1,2.0,0,0.7484166666666666,0.7333333333333333,-0.015083333333333337,0.7603740083287055,3.2,8.0,10.42484444292229,0.1362707320522323,0.17921540000000002,0.6401373061491277
seasonal,fines_washout,L1,2.0,2,0.7396666666666667,0.7370833333333333,-0.002583333333333382,0.7576350750499143,3.607975432332819,7.84,10.383690676437654,0.13577987302910044,0.17921540000000002,0.6542816338717279
seasonal,fines_washout,L1,2.0,4,0.7409166666666667,0.755,0.014083333333333337,0.7550496642443109,3.4245033635316133,7.68,10.34476899976154,0.1353165275974099,0.17921540000000002,0.7034907722331528
seasonal,fines_washout,L1,2.0,6,0.75225,0.7528333333333334,0.0005833333333333801,0.7526214874688109,2.8754966364683874,7.52,10.308147983123293,0.13488136092531794,0.17921540000000002,0.6762985550705274
seasonal,fines_washout,L1,2.0,8,0.7431666666666666,0.7580833333333333,0.01491666666666669,0.75035322358243,2.692024567667181,7.36,10.273880316142437,0.13447485310561463,0.17921540000000002,0.7167733052608829
seasonal,fines_washout,L1,2.0,10,0.7406666666666667,0.75325,0.01258333333333328,0.7482463831037385,3.1,7.2,10.24200055436703,0.13409727484648976,0.17921540000000002,0.7122145235392965
seasonal,fines_washout,L1,2.0,12,0.7391666666666666,0.7515833333333334,0.012416666666666742,0.7463011808338809,3.5079754323328194,7.04,10.212522997936011,0.13374866464361632,0.17921540000000002,0.6975861878453479
seasonal,fines_washout,L1,2.0,14,0.7420833333333333,0.7550833333333333,0.013000000000000012,0.7445164234151972,3.3245033635316132,6.88,10.18543981136113,0.13342880862892395,0.17921540000000002,0.7215810133472941
seasonal,fines_washout,L1,2.0,16,0.7468333333333333,0.75725,0.01041666666666663,0.7428894195946009,2.7754966364683873,6.72,10.160719510192207,0.13313722448841425,0.17921540000000002,0.7131796563414688
seasonal,fines_washout,L1,2.0,18,0.7398333333333333,0.7708333333333334,0.031000000000000028,0.7414159218654557,2.5920245676671807,6.5600000000000005,10.138305953597603,0.1328731510034864,0.17921540000000002,0.744489196513512
seasonal,fines_washout,L1,2.0,20,0.7454166666666666,0.76475,0.019333333333333425,0.7400901086950901,3.0,6.4,10.118117988912719,0.13263554486583407,0.17921540000000002,0.741948265847561
seasonal,fines_washout,L1,2.0,22,0.7395,0.7718333333333334,0.032333333333333325,0.7389046164881544,3.407975432332819,6.24,10.100049891648986,0.13242308640577122,0.17921540000000002,0.7746178278346769
seasonal,fines_washout,L1,2.0,24,0.7395,0.768,0.02849999999999997,0.7378506295381766,3.224503363531613,6.08,10.083972728577265,0.13223419571293615,0.17921540000000002,0.7545088871023082
seasonal,fines_washout,L1,2.0,26,0.7389166666666667,0.7753333333333333,0.03641666666666665,0.7369180342235095,2.6754966364683876,5.92,10.069736738548434,0.13206706027057996,0.17921540000000002,0.7960185256115927
seasonal,fines_washout,L1,2.0,28,0.74025,0.7750833333333333,0.03483333333333338,0.7360956403887349,2.4920245676671806,5.76,10.057174772573136,0.1319196746305233,0.17921540000000002,0.7927128834214958
seasonal,fines_washout,L1,2.0,30,0.733,0.7730833333333333,0.04008333333333336,0.7353714680990884,2.9,5.6,10.046106759830883,0.1317898918039654,0.17921540000000002,0.7853177953533093
seasonal,fines_washout,L1,2.0,32,0.73875,0.7825833333333333,0.04383333333333328,0.7347330918310402,3.307975432332819,5.4399999999999995,10.036345071044614,0.1316754849457366,0.17921540000000002,0.7902402623234576
seasonal,fines_washout,L1,2.0,34,0.7355833333333334,0.7803333333333333,0.044749999999999956,0.734168027017403,3.1245033635316135,5.279999999999999,10.027700540629505,0.1315742166291347,0.17921540000000002,0.808000378753021
seasonal,fines_washout,L1,2.0,36,0.7425,0.7771666666666667,0.03466666666666662,0.7336641364215407,2.5754966364683876,5.12,10.019988795324702,0.131483911674441,0.17921540000000002,0.8081305750871022
seasonal,fines_washout,L1,2.0,38,0.7405,0.7851666666666667,0.04466666666666663,0.7323589379037738,2.392024567667181,4.96,10.0,0.13125,0.17921540000000002,0.8197101003216771
seasonal,fines_washout,L1,2.0,40,0.7453333333333333,0.7841666666666667,0.038833333333333386,0.7323589379037738,2.8,4.8,10.0,0.13125,0.17921540000000002,0.8039709202711448
seasonal,fines_washout,L1,2.0,42,0.749,0.78,0.031000000000000028,0.7323589379037738,3.207975432332819,4.640000000000001,10.0,0.13125,0.17921540000000002,0.8000697653365533
seasonal,fines_washout,L1,2.0,44,0.7405,0.7864166666666667,0.045916666666666606,0.7323589379037738,3.0245033635316148,4.48,10.0,0.13125,0.17921540000000002,0.83359831288004
seasonal,fines_washout,L1,2.0,46,0.741,0.7858333333333334,0.04483333333333339,0.7323589379037738,2.475496636468388,4.32,10.0,0.13125,0.17921540000000002,0.8146313992068113
seasonal,fines_washout,L1,2.0,48,0.741,0.788,0.04700000000000004,0.7323589379037738,2.292024567667181,4.16,10.0,0.13125,0.17921540000000002,0.8430331782439919
seasonal,fines_washout,L1,2.0,50,0.7480833333333333,0.7859166666666667,0.037833333333333385,0.7323589379037738,2.6999999999999997,4.0,10.0,0.13125,0.17921540000000002,0.8250316112728758
seasonal,fines_washout,L2,4.5,0,0.49583333333333335,0.492,-0.0038333333333333552,0.9994752004414753,3.2,14.0,15.75572751282236,0.2080367126451502,0.20814594754653132,-0.015788112086541402
seasonal,fines_washout,L2,4.5,2,0.49633333333333335,0.429,-0.06733333333333336,1.0527007390256058,3.607975432332819,13.84,15.694941080499028,0.20712685839808123,0.19675758809649993,-0.16105117229828508
seasonal,fines_washout,L2,4.5,4,0.49766666666666665,0.46416666666666667,-0.033499999999999974,1.0222607305703089,3.4245033635316133,13.68,15.633641140983045,0.20621145620410572,0.20172099938639182,-0.08168540381619013
seasonal,fines_washout,L2,4.5,6,0.48641666666666666,0.55325,0.06683333333333336,0.9408764858334248,2.8754966364683874,13.52,15.5718417860211,0.20529076971533988,0.2181909876656064,0.11995201678012185
seasonal,fines_washout,L2,4.5,8,0.492,0.5889166666666666,0.09691666666666665,0.9110773004798394,2.692024567667181,13.36,15.509559231668065,0.20436509256390578,0.22431147440098914,0.2064533171371658
seasonal,fines_washout,L2,4.5,10,0.495,0.5323333333333333,0.03733333333333333,0.9634998420618169,3.1,13.2,15.446811974504868,0.2034347502548293,0.2111414463955638,0.07333111629357539
seasonal,fines_washout,L2,4.5,12,0.5000833333333333,0.47058333333333335,-0.02949999999999997,1.0153833836187818,3.5079754323328194,13.04,15.383620954823414,0.20250010212094205,0.1994321606871688,-0.067741575580773
seasonal,fines_washout,L2,4.5,14,0.49933333333333335,0.508,0.008666666666666656,0.9854711463776974,3.3245033635316132,12.879999999999999,15.320009726465749,0.20156154333339477,0.204533175907053,0.01782620206202208
seasonal,fines_washout,L2,4.5,16,0.49416666666666664,0.5915833333333333,0.0974166666666667,0.9057932647917999,2.7754966364683873,12.72,15.256004632857723,0.20061950695949565,0.2214848738200861,0.2287600287279103
seasonal,fines_washout,L2,4.5,18,0.4925,0.62775,0.13525000000000004,0.8765563280621972,2.5920245676671807,12.56,15.191634988603479,0.1996744660573848,0.2277942211640923,0.3092991760941904
seasonal,fines_washout,L2,4.5,20,0.49225,0.5681666666666667,0.07591666666666669,0.9276577028260311,3.0,12.4,15.126933265802613,0.1987269357945108,0.21422442263898195,0.15857110857956924
seasonal,fines_washout,L2,4.5,22,0.4885833333333333,0.5116666666666667,0.0230833333333334,0.9782225631941186,3.407975432332819,12.24,15.061935284012394,0.19777747557393913,0.20218044749259392,0.030571893149610976
seasonal,fines_washout,L2,4.5,24,0.49225,0.5415833333333333,0.049333333333333285,0.9489059412116045,3.224503363531613,12.08,14.996680402499484,0.19682669114915574,0.207424869632325,0.09389744103263455
seasonal,fines_washout,L2,4.5,26,0.49275,0.6179166666666667,0.12516666666666665,0.8710221762327872,2.6754966364683876,11.92,14.931211713104048,0.19587523670418616,0.22487973561288185,0.28586166422643655
seasonal,fines_washout,L2,4.5,28,0.49883333333333335,0.6624166666666667,0.1635833333333333,0.8424153750343161,2.4920245676671806,11.76,14.865576231669987,0.19492381687148058,0.23138682252035142,0.39617055003938406
seasonal,fines_washout,L2,4.5,30,0.4989166666666667,0.6139166666666667,0.11499999999999999,0.8922460470109573,2.9,11.6,14.79982508557335,0.19397318865507376,0.21739876495377922,0.27710687597169753
seasonal,fines_washout,L2,4.5,32,0.49883333333333335,0.54825,0.049416666666666664,0.9415558456237246,3.307975432332819,11.44,14.734013694402442,0.19302416322096855,0.20500553856484374,0.10843764720306628
seasonal,fines_washout,L2,4.5,34,0.49516666666666664,0.5753333333333334,0.08016666666666672,0.9129185481529432,3.1245033635316135,11.28,14.668201940303987,0.19207760751047212,0.21039950157556986,0.1779846408860606
seasonal,fines_washout,L2,4.5,36,0.4925833333333333,0.6648333333333334,0.17225000000000007,0.8369130579361485,2.5754966364683876,11.120000000000001,14.602454323905945,0.19113444562529722,0.22838028850528422,0.4104328743466734
seasonal,fines_washout,L2,4.5,38,0.4950833333333333,0.69975,0.20466666666666666,0.8090177008673691,2.392024567667181,10.96,14.53684010105788,0.1901956599256068,0.23509455939183166,0.5207360589931727
seasonal,fines_washout,L2,4.5,40,0.49516666666666664,0.6375833333333333,0.14241666666666664,0.8576766029676223,2.8,10.8,14.471433394892795,0.18926229177382464,0.22066859597074656,0.3469933338363123
seasonal,fines_washout,L2,4.5,42,0.49675,0.5824166666666667,0.08566666666666667,0.9058477637294752,3.207975432332819,10.64,14.40631327691214,0.18833544184796652,0.2079106991141301,0.19288901963153504
seasonal,fines_washout,L2,4.5,44,0.4984166666666667,0.6160833333333333,0.11766666666666664,0.8779896116634075,3.0245033635316148,10.48,14.341563809933442,0.18741626993853544,0.21346069184516128,0.2777463992316799
seasonal,fines_washout,L2,4.5,46,0.4910833333333333,0.6990833333333333,0.20799999999999996,0.8039344414864141,2.475496636468388,10.32,14.277274044826223,0.18650599413274788,0.2319915462110472,0.5117117328312768
seasonal,fines_washout,L2,4.5,48,0.4890833333333333,0.7244166666666667,0.2353333333333334,0.7768437749127837,2.292024567667181,10.16,14.213537962011895,0.1856058892791935,0.2389230566982808,0.5967619194170114
seasonal,fines_washout,L2,4.5,50,0.48925,0.6730833333333334,0.18383333333333335,0.8244897981590773,2.6999999999999997,10.0,14.150454347738503,0.18471728461520184,0.2240382901372934,0.4302121078754815
seasonal,fines_washout,L3,8.0,0,0.22433333333333333,0.22033333333333333,-0.0040000000000000036,1.3381792659509093,3.2,21.0,23.330086030389968,0.33793331155619627,0.2525321682637648,-0.6065409158361279
seasonal,fines_washout,L3,8.0,2,0.21491666666666667,0.18891666666666668,-0.025999999999999995,1.3889850480925876,3.607975432332819,20.84,23.28532146078438,0.3370693181763538,0.24267310770496164,-0.6681877039267131
seasonal,fines_washout,L3,8.0,4,0.21733333333333332,0.20275,-0.01458333333333331,1.3610790427383535,3.4245033635316133,20.68,23.240221285354465,0.33620000530124344,0.24700990518878538,-0.6238613305457664
seasonal,fines_washout,L3,8.0,6,0.213,0.25566666666666665,0.04266666666666666,1.2849426555395682,2.8754966364683874,20.52,23.19477848675734,0.3353252638903494,0.26096515859654523,-0.5366183999159699
seasonal,fines_washout,L3,8.0,8,0.222,0.26675,0.044749999999999984,1.2573726936582041,2.692024567667181,20.36,23.1489859696384,0.3344449843319484,0.26598715402265743,-0.5069592501199605
seasonal,fines_washout,L3,8.0,10,0.21291666666666667,0.241,0.02808333333333332,1.3077043549403002,3.1,20.2,23.102836565167518,0.3335590565542961,0.25507222278044933,-0.5423171610427858
seasonal,fines_washout,L3,8.0,12,0.22233333333333333,0.20941666666666667,-0.01291666666666666,1.357727460404624,3.5079754323328194,20.04,23.056323036169815,0.3326673701480058,0.24501778143963124,-0.628602268967017
seasonal,fines_washout,L3,8.0,14,0.22125,0.218,-0.003250000000000003,1.33006098698147,3.3245033635316132,19.88,23.009438082901355,0.3317698145004624,0.24943955032723963,-0.5927623107113624
seasonal,fines_washout,L3,8.0,16,0.21958333333333332,0.27466666666666667,0.055083333333333345,1.2548089906530149,2.7754966364683873,19.72,22.962174349524183,0.33086627894317394,0.2636786008131707,-0.47847221449835675
seasonal,fines_washout,L3,8.0,18,0.21141666666666667,0.2940833333333333,0.08266666666666664,1.2274871714604871,2.5920245676671807,19.56,22.914524431338858,0.3299566529130236,0.2688065998444896,-0.4287568532133146
seasonal,fines_washout,L3,8.0,20,0.22383333333333333,0.251,0.027166666666666672,1.2770156543696307,3.0,19.4,22.86648088283719,0.3290408261284464,0.2576638939409633,-0.539255783446792
seasonal,fines_washout,L3,8.0,22,0.21658333333333332,0.21966666666666668,0.0030833333333333546,1.326223957484277,3.407975432332819,19.24,22.818036226642423,0.3281186887816262,0.24740820502446415,-0.587581821992033
seasonal,fines_washout,L3,8.0,24,0.22425,0.23608333333333334,0.011833333333333335,1.2987989089620677,3.224503363531613,19.08,22.769182963408955,0.32719013174787637,0.25191746735401066,-0.5776047331840257
seasonal,fines_washout,L3,8.0,26,0.21141666666666667,0.301,0.08958333333333332,1.224455597582633,2.6754966364683876,18.92,22.719913582759048,0.32625504681344475,0.26644906312450195,-0.41399347904837563
seasonal,fines_washout,L3,8.0,28,0.22091666666666668,0.31116666666666665,0.09024999999999997,1.1973851381321923,2.4920245676671806,18.759999999999998,22.670220575339286,0.325313326923058,0.27168645790152035,-0.3981508725040466
seasonal,fines_washout,L3,8.0,30,0.21991666666666668,0.28491666666666665,0.06499999999999997,1.2460773599202395,2.9,18.6,22.620096446085714,0.3243648664486111,0.2603087712542771,-0.45086149638223505
seasonal,fines_washout,L3,8.0,32,0.21683333333333332,0.2455,0.028666666666666674,1.2944370136176435,3.307975432332819,18.44,22.569533728792564,0.3234095614804856,0.24984573067532487,-0.5475847330717052
seasonal,fines_washout,L3,8.0,34,0.21833333333333332,0.26508333333333334,0.046750000000000014,1.2672568595984748,3.1245033635316135,18.28,22.518525002086154,0.3224473101430737,0.2544451092931861,-0.49078012825887407
seasonal,fines_washout,L3,8.0,36,0.21683333333333332,0.31666666666666665,0.09983333333333333,1.193850150527679,2.5754966364683876,18.12,22.46706290691258,0.3214780129361855,0.26927836194022586,-0.4030851323816222
seasonal,fines_washout,L3,8.0,38,0.22033333333333333,0.3375,0.1171666666666667,1.1670360152618109,2.392024567667181,17.96,22.415140165654954,0.32050157310410243,0.2746286908996563,-0.3396077641544475
seasonal,fines_washout,L3,8.0,40,0.21783333333333332,0.30741666666666667,0.08958333333333335,1.2148576364586579,2.8,17.8,22.36274960300377,0.31951789703415334,0.2630085101704233,-0.3942800065348209
seasonal,fines_washout,L3,8.0,42,0.21683333333333332,0.2703333333333333,0.05349999999999999,1.262333719296687,3.207975432332819,17.64,22.309884168711996,0.31852689468678674,0.2523317644277576,-0.48407928124035376
seasonal,fines_washout,L3,8.0,44,0.21391666666666667,0.28833333333333333,0.07441666666666666,1.2354040665070471,3.0245033635316148,17.48,22.25653696237491,0.31752848005922435,0.25702398807622273,-0.45373141774758063
seasonal,fines_washout,L3,8.0,46,0.21875,0.3478333333333333,0.12908333333333333,1.1629659482783854,2.475496636468388,17.32,22.202701260383364,0.31652257168488734,0.27216839164848844,-0.32691123290029694
seasonal,fines_washout,L3,8.0,48,0.22233333333333333,0.3620833333333333,0.13974999999999999,1.136415431306619,2.292024567667181,17.16,22.14837054520852,0.3155090931709039,0.27763534749624114,-0.2982491228169829
seasonal,fines_washout,L3,8.0,50,0.22016666666666668,0.3263333333333333,0.10616666666666663,1.1833317720234826,2.6999999999999997,17.0,22.093538537185058,0.3144879737761124,0.265764835535804,-0.37112414481768047
seasonal,fines_washout,L4,12.5,0,0.03916666666666667,0.04025,0.001083333333333332,1.9234196628931783,3.2,28.0,31.877396808363123,0.49107142857142855,0.25531164001555773,-1.2135402686257937
seasonal,fines_washout,L4,12.5,2,0.04058333333333333,0.035,-0.005583333333333329,1.9799115880932845,3.607975432332819,27.84,31.834236085951183,0.49107142857142855,0.248026948033748,-1.2658691476878854
seasonal,fines_washout,L4,12.5,4,0.03925,0.03816666666666667,-0.001083333333333332,1.9545064054141201,3.4245033635316133,27.68,31.790977820887605,0.49107142857142855,0.2512508668230128,-1.2271902745237606
seasonal,fines_washout,L4,12.5,6,0.040916666666666664,0.04766666666666667,0.006750000000000006,1.8784860264852485,2.8754966364683874,27.52,31.747618917645063,0.49107142857142855,0.26141872851205095,-1.173072642779276
seasonal,fines_washout,L4,12.5,8,0.03675,0.0525,0.01575,1.8530808438060835,2.692024567667181,27.36,31.70415621480726,0.49107142857142855,0.26500270088746164,-1.1678679986410516
seasonal,fines_washout,L4,12.5,10,0.038,0.042083333333333334,0.004083333333333335,1.9095727690061908,3.1,27.2,31.660586483761477,0.49107142857142855,0.25716298249634106,-1.174248001461523
seasonal,fines_washout,L4,12.5,12,0.03991666666666667,0.0355,-0.004416666666666673,1.9660646942062974,3.5079754323328194,27.04,31.61690642737865,0.49107142857142855,0.2497737892443436,-1.277445793529962
seasonal,fines_washout,L4,12.5,14,0.042583333333333334,0.04033333333333333,-0.002250000000000002,1.9406595115271317,3.3245033635316132,26.88,31.573112678681778,0.49107142857142855,0.2530435790794634,-1.217181799418097
seasonal,fines_washout,L4,12.5,16,0.04066666666666666,0.05308333333333334,0.012416666666666673,1.8646391325982608,2.7754966364683873,26.72,31.529201799504275,0.49107142857142855,0.2633600357229179,-1.1509875497239064
seasonal,fines_washout,L4,12.5,18,0.04058333333333333,0.058083333333333334,0.0175,1.8392339499190953,2.5920245676671807,26.56,31.48517027913958,0.49107142857142855,0.26699780557716973,-1.1487681482145473
seasonal,fines_washout,L4,12.5,20,0.041666666666666664,0.04758333333333333,0.005916666666666667,1.8957258751192025,3.0,26.4,31.441014532983754,0.49107142857142855,0.2590413703882953,-1.175307591409229
seasonal,fines_washout,L4,12.5,22,0.04275,0.03991666666666667,-0.0028333333333333335,1.9522178003193082,3.407975432332819,26.24,31.396730901172905,0.49107142857142855,0.25154541080975085,-1.246701484487571
seasonal,fines_washout,L4,12.5,24,0.042666666666666665,0.044833333333333336,0.002166666666666671,1.9268126176401439,3.224503363531613,26.08,31.35231564721747,0.49107142857142855,0.2548620577193782,-1.2165484396099966
seasonal,fines_washout,L4,12.5,26,0.04025,0.052583333333333336,0.012333333333333335,1.8507922387112727,2.6754966364683876,25.92,31.307764956635598,0.49107142857142855,0.26533039111584295,-1.1271980716198902
seasonal,fines_washout,L4,12.5,28,0.04083333333333333,0.06175,0.020916666666666667,1.8253870560321075,2.4920245676671806,25.759999999999998,31.263074935588158,0.49107142857142855,0.26902317891904176,-1.1075355082754765
seasonal,fines_washout,L4,12.5,30,0.03725,0.05075,0.013500000000000005,1.8818789812322143,2.9,25.6,31.218241609518117,0.49107142857142855,0.2609474006930485,-1.1710899591284507
seasonal,fines_washout,L4,12.5,32,0.03966666666666667,0.0455,0.005833333333333329,1.93837090643232,3.307975432332819,25.44,31.173260921797247,0.49107142857142855,0.253342343790783,-1.2116848575760948
seasonal,fines_washout,L4,12.5,34,0.041916666666666665,0.04716666666666667,0.005250000000000005,1.9129657237531554,3.1245033635316135,25.28,31.128128732383605,0.49107142857142855,0.25670686226827305,-1.1790411841767303
seasonal,fines_washout,L4,12.5,36,0.03791666666666667,0.054,0.01608333333333333,1.8369453448242843,2.5754966364683876,25.12,31.082840816493245,0.49107142857142855,0.26733045158640945,-1.1563411751680457
seasonal,fines_washout,L4,12.5,38,0.03783333333333333,0.06716666666666667,0.029333333333333336,1.8115401621451197,2.392024567667181,24.96,31.03739286329037,0.49107142857142855,0.27107951500778793,-1.092703892040724
seasonal,fines_washout,L4,12.5,40,0.0445,0.055,0.010500000000000002,1.8680320873452263,2.8,24.8,30.991780474600038,0.49107142857142855,0.26288168811346274,-1.1585161077618051
seasonal,fines_washout,L4,12.5,42,0.03891666666666667,0.049166666666666664,0.010249999999999995,1.9245240125453325,3.207975432332819,24.64,30.94599916364845,0.49107142857142855,0.25516513453212175,-1.1819256107345733
seasonal,fines_washout,L4,12.5,44,0.03858333333333333,0.0575,0.018916666666666672,1.8991188298661679,3.0245033635316148,24.48,30.900044353835774,0.49107142857142855,0.25857856857015876,-1.1340711888809878
seasonal,fines_washout,L4,12.5,46,0.04016666666666667,0.06475,0.024583333333333332,1.8230984509372965,2.475496636468388,24.32,30.853911377547366,0.49107142857142855,0.26936089398735297,-1.0822494941002245
seasonal,fines_washout,L4,12.5,48,0.04008333333333333,0.06958333333333333,0.0295,1.7976932682581312,2.292024567667181,24.16,30.80759547500948,0.49107142857142855,0.273167529323426,-1.0811439990457232
seasonal,fines_washout,L4,12.5,50,0.041,0.059083333333333335,0.018083333333333333,1.8541851934582378,2.6999999999999997,24.0,30.76109179319628,0.49107142857142855,0.26484486571459026,-1.12772883145311
extreme,constant,L1,2.0,0,0.7439166666666667,0.7435,-0.0004166666666666208,0.7603740083287055,3.2,8.0,10.42484444292229,0.1362707320522323,0.17921540000000002,0.6650663537419798
extreme,constant,L1,2.0,2,0.7405,0.7455833333333334,0.005083333333333329,0.7603740083287055,3.4353169548885463,8.0,10.42484444292229,0.1362707320522323,0.17921540000000002,0.6804111450692539
extreme,constant,L1,2.0,4,0.7381666666666666,0.7374166666666667,-0.0007499999999999174,0.7603740083287055,3.276335575687742,8.0,10.42484444292229,0.1362707320522323,0.17921540000000002,0.6476201381442186
extreme,constant,L1,2.0,6,0.7429166666666667,0.73975,-0.003166666666666651,0.7603740083287055,2.8736644243122584,8.0,10.42484444292229,0.1362707320522323,0.17921540000000002,0.6559154438925249
extreme,constant,L1,2.0,8,0.7420833333333333,0.7368333333333333,-0.005249999999999977,0.7603740083287055,2.714683045111454,8.0,10.42484444292229,0.1362707320522323,0.17921540000000002,0.6364034687236305
extreme,constant,L1,2.0,10,0.7344166666666667,0.7436666666666667,0.00924999999999998,0.7603740083287055,2.95,8.0,10.42484444292229,0.1362707320522323,0.17921540000000002,0.647176550310921
extreme,constant,L1,2.0,12,0.7524166666666666,0.7379166666666667,-0.014499999999999957,0.7603740083287055,3.1853169548885463,8.0,10.42484444292229,0.1362707320522323,0.17921540000000002,0.653886112165244
extreme,constant,L1,2.0,14,0.747,0.7428333333333333,-0.004166666666666652,0.7603740083287055,3.026335575687742,8.0,10.42484444292229,0.1362707320522323,0.17921540000000002,0.6701986558177788
extreme,constant,L1,2.0,16,0.7405833333333334,0.7415,0.0009166666666666767,0.7603740083287055,2.6236644243122584,8.0,10.42484444292229,0.1362707320522323,0.17921540000000002,0.6669394500378234
extreme,constant,L1,2.0,18,0.7366666666666667,0.7445,0.007833333333333359,0.7603740083287055,2.464683045111454,8.0,10.42484444292229,0.1362707320522323,0.17921540000000002,0.6693136433222109
extreme,constant,L1,2.0,20,0.74325,0.7480833333333333,0.004833333333333356,0.7603740083287055,2.7,8.0,10.42484444292229,0.1362707320522323,0.17921540000000002,0.6820065824438906
extreme,constant,L1,2.0,22,0.743,0.7454166666666666,0.0024166666666666226,0.7603740083287055,2.9353169548885463,8.0,10.42484444292229,0.1362707320522323,0.17921540000000002,0.6556449596282931
extreme,constant,L1,2.0,24,0.745,0.7465,0.0015000000000000568,0.7603740083287055,2.7763355756877424,8.0,10.42484444292229,0.1362707320522323,0.17921540000000002,0.6636159857718459
extreme,constant,L1,2.0,26,0.7415,0.7509166666666667,0.009416666666666629,0.7603740083287055,2.3736644243122584,8.0,10.42484444292229,0.1362707320522323,0.17921540000000002,0.674334379049859
extreme,constant,L1,2.0,28,0.74925,0.7598333333333334,0.010583333333333389,0.7603740083287055,2.214683045111454,8.0,10.42484444292229,0.1362707320522323,0.17921540000000002,0.7181516541335745
extreme,constant,L1,2.0,30,0.7366666666666667,0.8875833333333333,0.1509166666666666,0.6066802784858909,1.2500000000000002,8.0,10.42484444292229,0.1362707320522323,0.22461704605319793,1.3864388142123016
extreme,constant,L1,2.0,32,0.745,0.8465833333333334,0.10158333333333336,0.6549025991419894,1.4853169548885463,8.0,10.42484444292229,0.1362707320522323,0.20807786109074128,1.1246282899729376
extreme,constant,L1,2.0,34,0.7394166666666667,0.8741666666666666,0.13474999999999993,0.6223233442820878,1.3263355756877424,8.0,10.42484444292229,0.1362707320522323,0.21897094702342274,1.3028576542203665
extreme,constant,L1,2.0,36,0.7414166666666666,0.9389166666666666,0.1975,0.5398059694087561,0.9236644243122585,8.0,10.42484444292229,0.1362707320522323,0.2524439146189662,1.8693786585970753
extreme,constant,L1,2.0,38,0.7440833333333333,0.94775,0.20366666666666666,0.507226714548854,0.7646830451114539,8.0,10.42484444292229,0.1362707320522323,0.2686584285558312,2.0394258471124003
extreme,constant,L1,2.0,40,0.7445833333333334,0.9233333333333333,0.17874999999999996,0.5554490352049527,0.9999999999999998,8.0,10.42484444292229,0.1362707320522323,0.24533435727717193,1.6925216363185072
extreme,constant,L1,2.0,42,0.7459166666666667,0.89275,0.14683333333333337,0.6036713558610515,1.2353169548885463,8.0,10.42484444292229,0.1362707320522323,0.22573662097626193,1.3981316354662219
extreme,constant,L1,2.0,44,0.7361666666666666,0.91625,0.18008333333333337,0.5710921010011497,1.0763355756877433,8.0,10.42484444292229,0.1362707320522323,0.238614282728379,1.6173976497885785
extreme,constant,L1,2.0,46,0.7339166666666667,0.9616666666666667,0.22775,0.4885747261278179,0.6736644243122583,8.0,10.42484444292229,0.1362707320522323,0.27891482052753996,2.2443130448991746
extreme,constant,L1,2.0,48,0.7424166666666666,0.963,0.22058333333333335,0.47347904595545165,0.6,8.0,10.42484444292229,0.1362707320522323,0.28780731315626934,2.317865565476105
extreme,constant,L1,2.0,50,0.7449166666666667,0.952,0.20708333333333329,0.5042177919240145,0.7499999999999998,8.0,10.42484444292229,0.1362707320522323,0.2702616493008804,2.0790456430562974
extreme,constant,L2,4.5,0,0.48925,0.5,0.010749999999999982,0.9994752004414753,3.2,14.0,15.75572751282236,0.2080367126451502,0.20814594754653132,-4.6811991722675724e-05
extreme,constant,L2,4.5,2,0.49341666666666667,0.46775,-0.02566666666666667,1.0328424882344482,3.4353169548885463,14.0,15.75572751282236,0.2080367126451502,0.20142152846633016,-0.07436624479651335
extreme,constant,L2,4.5,4,0.49033333333333334,0.4805833333333333,-0.009750000000000036,1.0102993721379923,3.276335575687742,14.0,15.75572751282236,0.2080367126451502,0.2059159080787149,-0.04192216631659629
extreme,constant,L2,4.5,6,0.49216666666666664,0.54625,0.05408333333333337,0.9532017261131345,2.8736644243122584,14.0,15.75572751282236,0.2080367126451502,0.21825045732287998,0.09967393015828774
extreme,constant,L2,4.5,8,0.49683333333333335,0.5708333333333333,0.07399999999999995,0.9306586100166785,2.714683045111454,14.0,15.75572751282236,0.2080367126451502,0.2235370848193431,0.16170385571222484
extreme,constant,L2,4.5,10,0.4940833333333333,0.5330833333333334,0.039000000000000035,0.9640258978096514,2.95,14.0,15.75572751282236,0.2080367126451502,0.21579992105795834,0.08016826531135539
extreme,constant,L2,4.5,12,0.4915833333333333,0.49475,0.0031666666666667065,0.9973931856026248,3.1853169548885463,14.0,15.75572751282236,0.2080367126451502,0.20858044314735763,-0.012193070069480146
extreme,constant,L2,4.5,14,0.4915,0.51575,0.02425000000000005,0.9748500695061685,3.026335575687742,14.0,15.75572751282236,0.2080367126451502,0.2134038034695281,0.037472433860688714
extreme,constant,L2,4.5,16,0.5008333333333334,0.58375,0.08291666666666664,0.9177524234813107,2.6236644243122584,14.0,15.75572751282236,0.2080367126451502,0.22668064646019068,0.18910295498197563
extreme,constant,L2,4.5,18,0.49366666666666664,0.6075833333333334,0.11391666666666672,0.8952093073848546,2.464683045111454,14.0,15.75572751282236,0.2080367126451502,0.23238890718515984,0.2722270803979821
extreme,constant,L2,4.5,20,0.4950833333333333,0.5844166666666667,0.08933333333333338,0.9285765951778276,2.7,14.0,15.75572751282236,0.2080367126451502,0.2240382901372934,0.1899922757269978
extreme,constant,L2,4.5,22,0.48875,0.5368333333333334,0.04808333333333337,0.9619438829708009,2.9353169548885463,14.0,15.75572751282236,0.2080367126451502,0.21626699470520463,0.08325507156605859
extreme,constant,L2,4.5,24,0.49216666666666664,0.556,0.06383333333333341,0.9394007668743449,2.7763355756877424,14.0,15.75572751282236,0.2080367126451502,0.22145682650158766,0.13423046864805188
extreme,constant,L2,4.5,26,0.491,0.6209166666666667,0.12991666666666668,0.882303120849487,2.3736644243122584,14.0,15.75572751282236,0.2080367126451502,0.23578825431882314,0.2972598023478277
extreme,constant,L2,4.5,28,0.5034166666666666,0.65075,0.14733333333333343,0.8597600047530309,2.214683045111454,14.0,15.75572751282236,0.2080367126451502,0.24197067960251242,0.3673601480742768
extreme,constant,L2,4.5,30,0.4935833333333333,0.798,0.3044166666666667,0.7229706399132498,1.2500000000000002,14.0,15.75572751282236,0.2080367126451502,0.28775264327485384,0.874340356807081
extreme,constant,L2,4.5,32,0.498,0.76725,0.26925,0.7563379277062231,1.4853169548885463,14.0,15.75572751282236,0.2080367126451502,0.2750578875187069,0.749287014021925
extreme,constant,L2,4.5,34,0.48941666666666667,0.7773333333333333,0.28791666666666665,0.7337948116097669,1.3263355756877424,14.0,15.75572751282236,0.2080367126451502,0.28350801798225905,0.8392432332118611
extreme,constant,L2,4.5,36,0.49983333333333335,0.8449166666666666,0.3450833333333333,0.6766971655849091,0.9236644243122585,14.0,15.75572751282236,0.2080367126451502,0.30742956114694503,1.0722261190922484
extreme,constant,L2,4.5,38,0.48841666666666667,0.85625,0.3678333333333333,0.6541540494884529,0.7646830451114539,14.0,15.75572751282236,0.2080367126451502,0.3180240385392928,1.183052625342547
extreme,constant,L2,4.5,40,0.49025,0.8281666666666667,0.3379166666666667,0.6875213372814261,0.9999999999999998,14.0,15.75572751282236,0.2080367126451502,0.302589463576159,1.0206528010897273
extreme,constant,L2,4.5,42,0.4955833333333333,0.8005833333333333,0.305,0.7208886250743993,1.2353169548885463,14.0,15.75572751282236,0.2080367126451502,0.2885837082304909,0.8960408398437759
extreme,constant,L2,4.5,44,0.49141666666666667,0.81925,0.32783333333333337,0.6983455089779433,1.0763355756877433,14.0,15.75572751282236,0.2080367126451502,0.29789940648379093,0.9758133999501308
extreme,constant,L2,4.5,46,0.4945,0.86625,0.37174999999999997,0.6412478629530852,0.6736644243122583,14.0,15.75572751282236,0.2080367126451502,0.3244248046100241,1.2282708675341463
extreme,constant,L2,4.5,48,0.49675,0.8748333333333334,0.3780833333333333,0.6308024530705081,0.6,14.0,15.75572751282236,0.2080367126451502,0.3297969302949062,1.2908986878232336
extreme,constant,L2,4.5,50,0.49441666666666667,0.86025,0.3658333333333333,0.6520720346496023,0.7499999999999998,14.0,15.75572751282236,0.2080367126451502,0.3190394643391522,1.1795371292678254
extreme,constant,L3,8.0,0,0.2115,0.21725,0.005750000000000005,1.3381792659509093,3.2,21.0,23.330086030389968,0.33793331155619627,0.2525321682637648,-0.5956939215407663
extreme,constant,L3,8.0,2,0.21633333333333332,0.19683333333333333,-0.01949999999999999,1.369537196033472,3.4353169548885463,21.0,23.330086030389968,0.33793331155619627,0.24675000615896894,-0.6641381800717882
extreme,constant,L3,8.0,4,0.2225,0.21925,-0.003250000000000003,1.3483516126326944,3.276335575687742,21.0,23.330086030389968,0.33793331155619627,0.2506269940200331,-0.5939976473444305
extreme,constant,L3,8.0,6,0.21925,0.24241666666666667,0.02316666666666667,1.2946923520108744,2.8736644243122584,21.0,23.330086030389968,0.33793331155619627,0.2610143722802789,-0.5569981971004533
extreme,constant,L3,8.0,8,0.22016666666666668,0.256,0.03583333333333333,1.2735067686100972,2.714683045111454,21.0,23.330086030389968,0.33793331155619627,0.2653565099815025,-0.5290453368906917
extreme,constant,L3,8.0,10,0.22483333333333333,0.24133333333333334,0.016500000000000015,1.30486469869266,2.95,21.0,23.330086030389968,0.33793331155619627,0.2589795799478449,-0.5475029619053545
extreme,constant,L3,8.0,12,0.21725,0.21891666666666668,0.0016666666666666774,1.3362226287752232,3.1853169548885463,21.0,23.330086030389968,0.33793331155619627,0.25290195232357704,-0.6056648354636307
extreme,constant,L3,8.0,14,0.224,0.23,0.006000000000000005,1.3150370453744458,3.026335575687742,21.0,23.330086030389968,0.33793331155619627,0.2569762675088538,-0.5868815571025299
extreme,constant,L3,8.0,16,0.22066666666666668,0.27425,0.053583333333333316,1.2613777847526255,2.6236644243122584,21.0,23.330086030389968,0.33793331155619627,0.26790808879075817,-0.5027417490230498
extreme,constant,L3,8.0,18,0.21333333333333335,0.27908333333333335,0.06575,1.2401922013518483,2.464683045111454,21.0,23.330086030389968,0.33793331155619627,0.2724846287437047,-0.4708848210652086
extreme,constant,L3,8.0,20,0.21333333333333335,0.26416666666666666,0.050833333333333314,1.2715501314344113,2.7,21.0,23.330086030389968,0.33793331155619627,0.265764835535804,-0.5081920711953547
extreme,constant,L3,8.0,22,0.21191666666666667,0.24083333333333334,0.028916666666666674,1.3029080615169744,2.9353169548885463,21.0,23.330086030389968,0.33793331155619627,0.259368501537047,-0.5459823019556627
extreme,constant,L3,8.0,24,0.22191666666666668,0.2505833333333333,0.028666666666666646,1.281722478116197,2.7763355756877424,21.0,23.330086030389968,0.33793331155619627,0.2636556019933983,-0.5302796061139136
extreme,constant,L3,8.0,26,0.21816666666666668,0.29633333333333334,0.07816666666666666,1.2280632174943769,2.3736644243122584,21.0,23.330086030389968,0.33793331155619627,0.27517582706017624,-0.43454245957511994
extreme,constant,L3,8.0,28,0.21133333333333335,0.30666666666666664,0.0953333333333333,1.2068776340935994,2.214683045111454,21.0,23.330086030389968,0.33793331155619627,0.2800062757066454,-0.4159199554046291
extreme,constant,L3,8.0,30,0.21658333333333332,0.4095,0.19291666666666665,1.0783256413365685,1.2500000000000002,21.0,23.330086030389968,0.33793331155619627,0.31338706843447867,-0.1875062865877686
extreme,constant,L3,8.0,32,0.21508333333333332,0.3775833333333333,0.1625,1.1096835714191313,1.4853169548885463,21.0,23.330086030389968,0.33793331155619627,0.3045312377870265,-0.2653601787958062
extreme,constant,L3,8.0,34,0.21583333333333332,0.40875,0.19291666666666668,1.088497988018354,1.3263355756877424,21.0,23.330086030389968,0.33793331155619627,0.3104583704113361,-0.19717485853674788
extreme,constant,L3,8.0,36,0.21425,0.45458333333333334,0.24033333333333334,1.034838727396534,0.9236644243122585,21.0,23.330086030389968,0.33793331155619627,0.32655649871780024,-0.10440914565439348
extreme,constant,L3,8.0,38,0.21725,0.477,0.25975,1.0136531439957563,0.7646830451114539,21.0,23.330086030389968,0.33793331155619627,0.33338160450436194,-0.046934596961913405
extreme,constant,L3,8.0,40,0.21333333333333335,0.44975,0.23641666666666664,1.0450110740783196,0.9999999999999998,21.0,23.330086030389968,0.33793331155619627,0.3233777324840765,-0.1135940357346161
extreme,constant,L3,8.0,42,0.219,0.4111666666666667,0.19216666666666668,1.0763690041608827,1.2353169548885463,21.0,23.330086030389968,0.33793331155619627,0.3139567474071244,-0.18599345039293486
extreme,constant,L3,8.0,44,0.21991666666666668,0.44458333333333333,0.22466666666666665,1.0551834207601056,1.0763355756877433,21.0,23.330086030389968,0.33793331155619627,0.3202602551438542,-0.12639419258537338
extreme,constant,L3,8.0,46,0.22175,0.4886666666666667,0.2669166666666667,1.0015241601382854,0.6736644243122583,21.0,23.330086030389968,0.33793331155619627,0.3374190309193701,-0.02273620144378783
extreme,constant,L3,8.0,48,0.2195,0.49225,0.27275000000000005,0.9917077664651214,0.6,21.0,23.330086030389968,0.33793331155619627,0.34075896446867393,-0.015314415920566489
extreme,constant,L3,8.0,50,0.21366666666666667,0.478,0.2643333333333333,1.0116965068200707,0.7499999999999998,21.0,23.330086030389968,0.33793331155619627,0.3340263698432413,-0.05352040044722081
extreme,constant,L4,12.5,0,0.043,0.04,-0.0029999999999999957,1.9234196628931783,3.2,28.0,31.877396808363123,0.49107142857142855,0.25531164001555773,-1.2318195752444883
extreme,constant,L4,12.5,2,0.04225,0.03858333333333333,-0.0036666666666666722,1.9560037519346873,3.4353169548885463,28.0,31.877396808363123,0.49107142857142855,0.2510585309898863,-1.2432465405901658
extreme,constant,L4,12.5,4,0.03875,0.037083333333333336,-0.0016666666666666635,1.9339897690566816,3.276335575687742,28.0,31.877396808363123,0.49107142857142855,0.2539162494178821,-1.2209172893202433
extreme,constant,L4,12.5,6,0.04133333333333333,0.04625,0.004916666666666666,1.8782323220122052,2.8736644243122584,28.0,31.877396808363123,0.49107142857142855,0.2614540399588744,-1.1842002937246388
extreme,constant,L4,12.5,8,0.04025,0.04683333333333333,0.00658333333333333,1.8562183391341995,2.714683045111454,28.0,31.877396808363123,0.49107142857142855,0.2645547768914298,-1.1723126060976055
extreme,constant,L4,12.5,10,0.04108333333333333,0.041666666666666664,0.0005833333333333315,1.8888024281757083,2.95,28.0,31.877396808363123,0.49107142857142855,0.25999089224261945,-1.195548940671369
extreme,constant,L4,12.5,12,0.04158333333333333,0.04375,0.002166666666666664,1.9213865172172166,3.1853169548885463,28.0,31.877396808363123,0.49107142857142855,0.25558180208459946,-1.205086115296664
extreme,constant,L4,12.5,14,0.03825,0.042916666666666665,0.004666666666666666,1.899372534339211,3.026335575687742,28.0,31.877396808363123,0.49107142857142855,0.25854402951144684,-1.2112164789442121
extreme,constant,L4,12.5,16,0.0405,0.05675,0.01625,1.8436150872947348,2.6236644243122584,28.0,31.877396808363123,0.49107142857142855,0.2663633162668526,-1.1502147155673708
extreme,constant,L4,12.5,18,0.038,0.05391666666666667,0.01591666666666667,1.821601104416729,2.464683045111454,28.0,31.877396808363123,0.49107142857142855,0.2695823072245381,-1.1368059715849468
extreme,constant,L4,12.5,20,0.03941666666666667,0.049916666666666665,0.010499999999999995,1.8541851934582378,2.7,28.0,31.877396808363123,0.49107142857142855,0.26484486571459026,-1.1753247126653332
extreme,constant,L4,12.5,22,0.0405,0.046,0.005499999999999998,1.8867692824997464,2.9353169548885463,28.0,31.877396808363123,0.49107142857142855,0.2602710533430017,-1.1884533238163515
extreme,constant,L4,12.5,24,0.03866666666666667,0.047,0.008333333333333331,1.8647552996217414,2.7763355756877424,28.0,31.877396808363123,0.49107142857142855,0.26334362941402584,-1.1843493465480026
extreme,constant,L4,12.5,26,0.03966666666666667,0.057916666666666665,0.018249999999999995,1.8089978525772648,2.3736644243122584,28.0,31.877396808363123,0.49107142857142855,0.27146048176442167,-1.1275011469962266
extreme,constant,L4,12.5,28,0.03891666666666667,0.06491666666666666,0.025999999999999995,1.786983869699259,2.214683045111454,28.0,31.877396808363123,0.49107142857142855,0.27480462297293906,-1.1192623032738618
extreme,constant,L4,12.5,30,0.042833333333333334,0.09341666666666666,0.05058333333333333,1.6534052320969101,1.2500000000000002,28.0,31.877396808363123,0.49107142857142855,0.29700609326646044,-0.9765887356080675
extreme,constant,L4,12.5,32,0.03766666666666667,0.08233333333333333,0.04466666666666666,1.6859893211384194,1.4853169548885463,28.0,31.877396808363123,0.49107142857142855,0.2912660373434902,-1.031557837117063
extreme,constant,L4,12.5,34,0.04066666666666666,0.09275,0.052083333333333336,1.6639753382604137,1.3263355756877424,28.0,31.877396808363123,0.49107142857142855,0.29511941510191747,-1.0054969786374421
extreme,constant,L4,12.5,36,0.03983333333333333,0.10275,0.06291666666666666,1.6082178912159373,0.9236644243122585,28.0,31.877396808363123,0.49107142857142855,0.3053513029880177,-0.933577402472963
extreme,constant,L4,12.5,38,0.03975,0.118,0.07824999999999999,1.5862039083379313,0.7646830451114539,28.0,31.877396808363123,0.49107142857142855,0.3095890925435853,-0.9026246349489465
extreme,constant,L4,12.5,40,0.03908333333333333,0.10341666666666667,0.06433333333333334,1.6187879973794401,0.9999999999999998,28.0,31.877396808363123,0.49107142857142855,0.3033574682826874,-0.9378655618868668
extreme,constant,L4,12.5,42,0.036083333333333335,0.10125,0.06516666666666668,1.651372086420949,1.2353169548885463,28.0,31.877396808363123,0.49107142857142855,0.2973717629173067,-0.9785674012147167
extreme,constant,L4,12.5,44,0.03775,0.1015,0.06375,1.6293581035429434,1.0763355756877433,28.0,31.877396808363123,0.49107142857142855,0.3013895027149787,-0.9610607899935182
extreme,constant,L4,12.5,46,0.03766666666666667,0.12175,0.08408333333333333,1.573600656498467,0.6736644243122583,28.0,31.877396808363123,0.49107142857142855,0.3120686474954498,-0.9146762802485789
extreme,constant,L4,12.5,48,0.041916666666666665,0.12125,0.07933333333333334,1.5634004218314876,0.6,28.0,31.877396808363123,0.49107142857142855,0.31410470517600964,-0.9009686075998866
extreme,constant,L4,12.5,50,0.040916666666666664,0.11575,0.07483333333333334,1.5841707626619699,0.7499999999999998,28.0,31.877396808363123,0.49107142857142855,0.3099864232731161,-0.9178793695464079
extreme,fines_accumulation,L1,2.0,0,0.7430833333333333,0.7355833333333334,-0.007499999999999951,0.7603740083287055,3.2,8.0,10.42484444292229,0.1362707320522323,0.17921540000000002,0.6231928898217897
extreme,fines_accumulation,L1,2.0,2,0.7394166666666667,0.7386666666666667,-0.0007500000000000284,0.764006475134227,3.4353169548885463,8.2,10.47929925800245,0.13692172604377056,0.17921540000000002,0.647329082904
extreme,fines_accumulation,L1,2.0,4,0.74025,0.7376666666666667,-0.002583333333333271,0.7678609447851612,3.276335575687742,8.4,10.536927776179398,0.1376125063640506,0.17921540000000002,0.6472788250465291
extreme,fines_accumulation,L1,2.0,6,0.735,0.7299166666666667,-0.005083333333333329,0.771925341778024,2.8736644243122584,8.6,10.597524177025196,0.1383409088968853,0.17921540000000002,0.6160579199250434
extreme,fines_accumulation,L1,2.0,8,0.7361666666666666,0.73625,8.333333333332416e-05,0.7761865084248941,2.714683045111454,8.8,10.660867627855874,0.13910457558197079,0.17921540000000002,0.6231351376441786
extreme,fines_accumulation,L1,2.0,10,0.7385,0.7270833333333333,-0.011416666666666742,0.7806305379855152,2.95,9.0,10.726727724576358,0.1399010141172893,0.17921540000000002,0.598320950724425
extreme,fines_accumulation,L1,2.0,12,0.75125,0.71525,-0.03599999999999992,0.7852430683045997,3.1853169548885463,9.2,10.794869249895504,0.14072765058343617,0.17921540000000002,0.5735613180616042
extreme,fines_accumulation,L1,2.0,14,0.7371666666666666,0.7080833333333333,-0.02908333333333335,0.7900095353036972,3.026335575687742,9.4,10.865056238431336,0.14158187487326623,0.17921540000000002,0.557624729525821
extreme,fines_accumulation,L1,2.0,16,0.7529166666666667,0.7136666666666667,-0.03925000000000001,0.7949153874935635,2.6236644243122584,9.6,10.937055369988979,0.142461079135814,0.17921540000000002,0.565110951245687
extreme,fines_accumulation,L1,2.0,18,0.7508333333333334,0.7095,-0.04133333333333333,0.7999462638760481,2.464683045111454,9.8,11.01063873360181,0.14336268965905152,0.17921540000000002,0.5486026982054838
extreme,fines_accumulation,L1,2.0,20,0.7403333333333333,0.6995833333333333,-0.04074999999999995,0.8050881383304005,2.7,10.0,11.085586017933451,0.14428419274613807,0.17921540000000002,0.5265354973608201
extreme,fines_accumulation,L1,2.0,22,0.7485833333333334,0.6910833333333334,-0.057499999999999996,0.810327433947032,2.9353169548885463,10.2,11.161686190302968,0.14522315520579093,0.17921540000000002,0.5017812461924963
extreme,fines_accumulation,L1,2.0,24,0.7460833333333333,0.6921666666666667,-0.05391666666666661,0.8156511108816685,2.7763355756877424,10.4,11.238738728601453,0.1461772400971026,0.17921540000000002,0.4984113454395378
extreme,fines_accumulation,L1,2.0,26,0.7361666666666666,0.6884166666666667,-0.04774999999999996,0.8210467312342232,2.3736644243122584,10.6,11.316554469100689,0.14714421835683383,0.17921540000000002,0.49817157988438476
extreme,fines_accumulation,L1,2.0,28,0.74925,0.6859166666666666,-0.06333333333333335,0.8265025042713713,2.214683045111454,10.8,11.39495612971379,0.14812197690399553,0.17921540000000002,0.4808269107456164
extreme,fines_accumulation,L1,2.0,30,0.74,0.8525833333333334,0.11258333333333337,0.6638344078988327,1.2500000000000002,11.0,11.473778563499312,0.1491085237707095,0.22461704605319793,1.13560206950941
extreme,fines_accumulation,L1,2.0,32,0.7389166666666667,0.79275,0.05383333333333329,0.7213741527770334,1.4853169548885463,11.2,11.552868791734353,0.15010199075599073,0.20807786109074128,0.8525011539504264
extreme,fines_accumulation,L1,2.0,34,0.74425,0.8205,0.07625000000000004,0.6900487763262607,1.3263355756877424,11.4,11.632085860172884,0.15110063404451532,0.21897094702342274,0.9916995971315068
extreme,fines_accumulation,L1,2.0,36,0.73625,0.8900833333333333,0.15383333333333338,0.6025212903552327,0.9236644243122585,11.6,11.711300556466503,0.15210283317854573,0.2524439146189662,1.4216448079479083
extreme,fines_accumulation,L1,2.0,38,0.7386666666666667,0.9224166666666667,0.18374999999999997,0.5698949760962588,0.7646830451114539,11.8,11.790395021363551,0.1531070887198839,0.2686584285558312,1.677159031086112
extreme,fines_accumulation,L1,2.0,40,0.741,0.8809166666666667,0.1399166666666667,0.6281713682565243,0.9999999999999998,12.0,11.86926228134402,0.15411201889113607,0.24533435727717193,1.331512836641652
extreme,fines_accumulation,L1,2.0,42,0.7448333333333333,0.82675,0.08191666666666664,0.6871563628952033,1.2353169548885463,12.2,11.947805725859276,0.1551163554423012,0.22573662097626193,1.0056139345166233
extreme,fines_accumulation,L1,2.0,44,0.7378333333333333,0.8564166666666667,0.11858333333333337,0.6542732361401529,1.0763355756877433,12.4,12.02593854835187,0.15611893894995793,0.238614282728379,1.1726635626745858
extreme,fines_accumulation,L1,2.0,46,0.7405,0.9280833333333334,0.18758333333333332,0.5633214951607698,0.6736644243122583,12.600000000000001,12.103583166727596,0.1571187137220716,0.27891482052753996,1.736126445289257
extreme,fines_accumulation,L1,2.0,48,0.7520833333333333,0.9289166666666666,0.1768333333333333,0.5493770144945573,0.6,12.8,12.180670635917377,0.15811472245149139,0.28780731315626934,1.7682667315271474
extreme,fines_accumulation,L1,2.0,50,0.7415,0.9104166666666667,0.1689166666666666,0.5887113511917708,0.7499999999999998,13.0,12.257140062565918,0.1591061007352378,0.2702616493008804,1.5919443399261899
extreme,fines_accumulation,L2,4.5,0,0.503,0.4959166666666667,-0.00708333333333333,0.9994752004414753,3.2,14.0,15.75572751282236,0.2080367126451502,0.20814594754653132,-0.008574277133152024
extreme,fines_accumulation,L2,4.5,2,0.49291666666666667,0.45866666666666667,-0.03425,1.038448442017487,3.4353169548885463,14.2,15.830970151529089,0.2091658724246415,0.20142152846633016,-0.09551010365244714
extreme,fines_accumulation,L2,4.5,4,0.4940833333333333,0.46908333333333335,-0.024999999999999967,1.02122073543465,3.276335575687742,14.4,15.905371963829179,0.21028559508583902,0.2059159080787149,-0.06573798739824668
extreme,fines_accumulation,L2,4.5,6,0.4870833333333333,0.5265,0.039416666666666655,0.968591498770411,2.8736644243122584,14.6,15.978917345957672,0.21139553756569593,0.21825045732287998,0.06176219720621822
extreme,fines_accumulation,L2,4.5,8,0.49333333333333335,0.55075,0.057416666666666616,0.9506047352270445,2.714683045111454,14.8,16.051594383339175,0.21249541132811703,0.2235370848193431,0.11813492351187639
extreme,fines_accumulation,L2,4.5,10,0.5,0.50225,0.0022499999999999742,0.9897361258083825,2.95,15.0,16.12339449652951,0.21358497781765848,0.21579992105795834,0.006171057827486285
extreme,fines_accumulation,L2,4.5,12,0.49433333333333335,0.466,-0.02833333333333332,1.0291666896146445,3.1853169548885463,15.2,16.194312112886166,0.21466404419232163,0.20858044314735763,-0.07866408013963115
extreme,fines_accumulation,L2,4.5,14,0.4925,0.483,-0.009500000000000008,1.0109119698070017,3.026335575687742,15.4,16.26434436291288,0.21573245932968693,0.2134038034695281,-0.037272609502610396
extreme,fines_accumulation,L2,4.5,16,0.49241666666666667,0.5370833333333334,0.04466666666666669,0.9563679717867852,2.6236644243122584,15.6,16.333490800109878,0.21679011009844987,0.22668064646019068,0.08061801685829435
extreme,fines_accumulation,L2,4.5,18,0.49216666666666664,0.5645833333333333,0.07241666666666668,0.937380878133949,2.464683045111454,15.8,16.401753143090726,0.21783691788581389,0.23238890718515984,0.1396119775688916
extreme,fines_accumulation,L2,4.5,20,0.48966666666666664,0.5213333333333333,0.031666666666666676,0.976943875245282,2.7,16.0,16.46913503869021,0.21887283537005425,0.2240382901372934,0.04787289606645516
extreme,fines_accumulation,L2,4.5,22,0.493,0.47925,-0.013749999999999984,1.016788732957387,2.9353169548885463,16.2,16.53564184477822,0.21989784352680697,0.21626699470520463,-0.04557082323345281
extreme,fines_accumulation,L2,4.5,24,0.4975833333333333,0.5034166666666666,0.0058333333333333015,0.9975395762099141,2.7763355756877424,16.4,16.60128043150583,0.2209119488571862,0.22145682650158766,0.008424392801197387
extreme,fines_accumulation,L2,4.5,26,0.497,0.5715833333333333,0.07458333333333333,0.9411630001109703,2.3736644243122584,16.6,16.666058999737075,0.22191518082563202,0.23578825431882314,0.15116969911636996
extreme,fines_accumulation,L2,4.5,28,0.4960833333333333,0.5851666666666666,0.08908333333333329,0.9212173551835023,2.214683045111454,16.8,16.729986915458667,0.22290758949538114,0.24197067960251242,0.2001789146069033
extreme,fines_accumulation,L2,4.5,30,0.5033333333333333,0.7426666666666667,0.2393333333333334,0.77806146557531,1.2500000000000002,17.0,16.793074559007557,0.22388924334960214,0.28775264327485384,0.661572343016402
extreme,fines_accumulation,L2,4.5,32,0.492,0.7033333333333334,0.21133333333333337,0.8175014696541201,1.4853169548885463,17.2,16.855333188009293,0.22486022728650054,0.2750578875187069,0.5261886733566025
extreme,fines_accumulation,L2,4.5,34,0.4940833333333333,0.7154166666666667,0.22133333333333338,0.7965229427521272,1.3263355756877424,17.4,16.916774812977053,0.22582064077705197,0.28350801798225905,0.5677560077351829
extreme,fines_accumulation,L2,4.5,36,0.4830833333333333,0.7865,0.30341666666666667,0.737634322894702,0.9236644243122585,17.6,16.977412084580198,0.22677059617444217,0.30742956114694503,0.8114095596087757
extreme,fines_accumulation,L2,4.5,38,0.49483333333333335,0.8026666666666666,0.3078333333333333,0.7160157395983221,0.7646830451114539,17.8,17.037258191650594,0.227710217164757,0.3180240385392928,0.9102936099439474
extreme,fines_accumulation,L2,4.5,40,0.49733333333333335,0.76625,0.26891666666666664,0.7556100422228026,0.9999999999999998,18.0,17.096326769054144,0.2286396373489567,0.302589463576159,0.7369828155106777
extreme,fines_accumulation,L2,4.5,42,0.4915,0.7238333333333333,0.23233333333333334,0.795467631746335,1.2353169548885463,18.2,17.15463181461303,0.2295589989466839,0.2885837082304909,0.5840594930654931
extreme,fines_accumulation,L2,4.5,44,0.4940833333333333,0.74275,0.2486666666666667,0.7736452191471873,1.0763355756877433,18.4,17.212187614320314,0.23046845161296947,0.29789940648379093,0.6618706109930028
extreme,fines_accumulation,L2,4.5,46,0.49233333333333335,0.7985833333333333,0.30624999999999997,0.7131641849566128,0.6736644243122583,18.6,17.269008675142747,0.23136815135941619,0.3244248046100241,0.8917018131560512
extreme,fines_accumulation,L2,4.5,48,0.49241666666666667,0.8105833333333333,0.31816666666666665,0.7042462747129504,0.6,18.8,17.32510966475941,0.23225825957195426,0.3297969302949062,0.9326475338083027
extreme,fines_accumulation,L2,4.5,50,0.49316666666666664,0.78825,0.29508333333333336,0.7307526753803558,0.7499999999999998,19.0,17.380505357632615,0.2331389421177511,0.3190394643391522,0.8224204442359973
extreme,fines_accumulation,L3,8.0,0,0.21616666666666667,0.21683333333333332,0.0006666666666666488,1.3381792659509093,3.2,21.0,23.330086030389968,0.33793331155619627,0.2525321682637648,-0.6108993088964508
extreme,fines_accumulation,L3,8.0,2,0.22275,0.19541666666666666,-0.02733333333333335,1.3738844145908102,3.4353169548885463,21.2,23.38558035417299,0.33900598776199387,0.24675000615896894,-0.6756782577106326
extreme,fines_accumulation,L3,8.0,4,0.22091666666666668,0.20575,-0.01516666666666669,1.3568799035942671,3.276335575687742,21.4,23.440574480982843,0.34007073148402345,0.2506269940200331,-0.6343035371780612
extreme,fines_accumulation,L3,8.0,6,0.21808333333333332,0.24541666666666667,0.02733333333333335,1.3069309080228482,2.8736644243122584,21.6,23.495081550076552,0.34112775057127864,0.2610143722802789,-0.559899409203386
extreme,fines_accumulation,L3,8.0,8,0.21333333333333335,0.24766666666666667,0.03433333333333333,1.289500116546446,2.714683045111454,21.8,23.549114475577678,0.34217725054750564,0.2653565099815025,-0.5561457633741054
extreme,fines_accumulation,L3,8.0,10,0.20975,0.22875,0.019000000000000017,1.325276048760892,2.95,22.0,23.602685940434384,0.3432194344230354,0.2589795799478449,-0.5738144971263611
extreme,fines_accumulation,L3,8.0,12,0.21658333333333332,0.21008333333333334,-0.006499999999999978,1.361217259770003,3.1853169548885463,22.2,23.65580839166043,0.3442545025323835,0.25290195232357704,-0.6430847115687127
extreme,fines_accumulation,L3,8.0,14,0.21675,0.207,-0.009750000000000009,1.3436363433185325,3.026335575687742,22.4,23.708494036724854,0.3452826523952413,0.2569762675088538,-0.6209335392813906
extreme,fines_accumulation,L3,8.0,16,0.21883333333333332,0.24916666666666668,0.03033333333333335,1.2926227056516912,2.6236644243122584,22.6,23.760754840968588,0.34630407859868334,0.26790808879075817,-0.5396993146914347
extreme,fines_accumulation,L3,8.0,18,0.22216666666666668,0.262,0.03983333333333333,1.2746369375032898,2.464683045111454,22.8,23.812602525937308,0.3473189726985967,0.2724846287437047,-0.5159716674930773
extreme,fines_accumulation,L3,8.0,20,0.21933333333333332,0.23833333333333334,0.019000000000000017,1.3106606915705816,2.7,23.0,23.864048568529853,0.34832752313849874,0.265764835535804,-0.5511450697476944
extreme,fines_accumulation,L3,8.0,22,0.21858333333333332,0.20791666666666667,-0.010666666666666658,1.3468478751810882,2.9353169548885463,23.2,23.915104200871095,0.3493299151840745,0.259368501537047,-0.62346639962911
extreme,fines_accumulation,L3,8.0,24,0.22416666666666665,0.22141666666666668,-0.0027499999999999747,1.328727052348641,2.7763355756877424,23.4,23.965780410826447,0.35032633087189463,0.2636556019933983,-0.6175961860820919
extreme,fines_accumulation,L3,8.0,26,0.21866666666666668,0.25558333333333333,0.03691666666666665,1.2766998930254438,2.3736644243122584,23.6,24.016087943083082,0.35131694897091503,0.27517582706017624,-0.5197577414918904
extreme,fines_accumulation,L3,8.0,28,0.22033333333333333,0.2725,0.052166666666666694,1.2581930318039343,2.214683045111454,23.8,24.066037300729878,0.35230194495547246,0.2800062757066454,-0.49007660058697494
extreme,fines_accumulation,L3,8.0,30,0.21208333333333335,0.37,0.15791666666666665,1.1273007937226636,1.2500000000000002,24.0,24.115638747274726,0.35328149098860645,0.31338706843447867,-0.2919445786030471
extreme,fines_accumulation,L3,8.0,32,0.23183333333333334,0.3431666666666667,0.11133333333333334,1.1632821594557794,1.4853169548885463,24.2,24.16490230904355,0.35425575591463365,0.3045312377870265,-0.3386792384983043
extreme,fines_accumulation,L3,8.0,34,0.2225,0.35141666666666665,0.12891666666666665,1.1441949681992756,1.3263355756877424,24.4,24.213837777910857,0.3552249052599976,0.3104583704113361,-0.312732778389893
extreme,fines_accumulation,L3,8.0,36,0.21791666666666668,0.39758333333333334,0.17966666666666667,1.0907426513943321,0.9236644243122585,24.6,24.26245471431651,0.35618910124150327,0.32655649871780024,-0.21862234455970436
extreme,fines_accumulation,L3,8.0,38,0.2175,0.41833333333333333,0.20083333333333334,1.071290371021193,0.7646830451114539,24.8,24.31076245052775,0.3571485027811185,0.33338160450436194,-0.18168299475225422
extreme,fines_accumulation,L3,8.0,40,0.214,0.3903333333333333,0.17633333333333331,1.107383810183155,0.9999999999999998,25.0,24.35877009410977,0.3581032655266056,0.3233777324840765,-0.25187382066283015
extreme,fines_accumulation,L3,8.0,42,0.22333333333333333,0.358,0.13466666666666666,1.1436401505704814,1.2353169548885463,25.2,24.40648653157149,0.3590535418773024,0.3139567474071244,-0.31176973154303445
extreme,fines_accumulation,L3,8.0,44,0.21791666666666668,0.368,0.15008333333333332,1.1240841635273713,1.0763355756877433,25.4,24.453920432156913,0.35999948101444185,0.3202602551438542,-0.28632502055429065
extreme,fines_accumulation,L3,8.0,46,0.21708333333333332,0.4280833333333333,0.211,1.0697121260528395,0.6736644243122583,25.6,24.501080251755134,0.36094122893544817,0.3374190309193701,-0.15668838070264263
extreme,fines_accumulation,L3,8.0,48,0.21508333333333332,0.4250833333333333,0.21,1.061979188297976,0.6,25.8,24.547974236905063,0.3618789284917012,0.34075896446867393,-0.16764151330068544
extreme,fines_accumulation,L3,8.0,50,0.217,0.4091666666666667,0.19216666666666668,1.086179871366378,0.7499999999999998,26.0,24.594610428873402,0.36281271942931004,0.3340263698432413,-0.19358492500600305
extreme,fines_accumulation,L4,12.5,0,0.03933333333333333,0.03991666666666667,0.0005833333333333385,1.9234196628931783,3.2,28.0,31.877396808363123,0.49107142857142855,0.25531164001555773,-1.2592391488928967
extreme,fines_accumulation,L4,12.5,2,0.03825,0.037083333333333336,-0.001166666666666663,1.9560037519346873,3.4353169548885463,28.2,31.93121515341263,0.49107142857142855,0.2510585309898863,-1.2589751405278276
extreme,fines_accumulation,L4,12.5,4,0.041416666666666664,0.03625,-0.005166666666666667,1.9339897690566816,3.276335575687742,28.4,31.984891600275596,0.49107142857142855,0.2539162494178821,-1.249643398715582
extreme,fines_accumulation,L4,12.5,6,0.03866666666666667,0.0455,0.00683333333333333,1.8782323220122052,2.8736644243122584,28.6,32.0384317792295,0.49107142857142855,0.2614540399588744,-1.2006091215725272
extreme,fines_accumulation,L4,12.5,8,0.043083333333333335,0.04616666666666667,0.0030833333333333338,1.8562183391341995,2.714683045111454,28.8,32.091841173603314,0.49107142857142855,0.2645547768914298,-1.1597337979198925
extreme,fines_accumulation,L4,12.5,10,0.0405,0.042083333333333334,0.0015833333333333324,1.8888024281757083,2.95,29.0,32.145125123499355,0.49107142857142855,0.25999089224261945,-1.19693521704034
extreme,fines_accumulation,L4,12.5,12,0.04125,0.0405,-0.0007500000000000007,1.9213865172172166,3.1853169548885463,29.2,32.19828882944759,0.49107142857142855,0.25558180208459946,-1.2578033790431826
extreme,fines_accumulation,L4,12.5,14,0.03875,0.037,-0.0017500000000000016,1.899372534339211,3.026335575687742,29.4,32.251337355990664,0.49107142857142855,0.25854402951144684,-1.219024903217012
extreme,fines_accumulation,L4,12.5,16,0.03858333333333333,0.04833333333333333,0.009750000000000002,1.8436150872947348,2.6236644243122584,29.6,32.30427563519811,0.49107142857142855,0.2663633162668526,-1.2130330440284922
extreme,fines_accumulation,L4,12.5,18,0.043,0.05333333333333334,0.01033333333333334,1.821601104416729,2.464683045111454,29.8,32.357108470108756,0.49107142857142855,0.2695823072245381,-1.1425605004781842
extreme,fines_accumulation,L4,12.5,20,0.04,0.04775,0.00775,1.8541851934582378,2.7,30.0,32.4098405381004,0.49107142857142855,0.26484486571459026,-1.1947492289509993
extreme,fines_accumulation,L4,12.5,22,0.04125,0.041666666666666664,0.0004166666666666624,1.8867692824997464,2.9353169548885463,30.2,32.46247639418644,0.49107142857142855,0.2602710533430017,-1.2432938679346108
extreme,fines_accumulation,L4,12.5,24,0.03933333333333333,0.04025,0.0009166666666666698,1.8647552996217414,2.7763355756877424,30.4,32.51502047423912,0.49107142857142855,0.26334362941402584,-1.2107299898310364
extreme,fines_accumulation,L4,12.5,26,0.03925,0.05325,0.013999999999999999,1.8089978525772648,2.3736644243122584,30.6,32.56747709813939,0.49107142857142855,0.27146048176442167,-1.165664620044268
extreme,fines_accumulation,L4,12.5,28,0.03916666666666667,0.05383333333333333,0.014666666666666661,1.786983869699259,2.214683045111454,30.8,32.61985047285365,0.49107142857142855,0.27480462297293906,-1.1383612750802117
extreme,fines_accumulation,L4,12.5,30,0.03791666666666667,0.088,0.05008333333333333,1.6534052320969101,1.2500000000000002,31.0,32.67214469543765,0.49107142857142855,0.29700609326646044,-1.030461325588655
extreme,fines_accumulation,L4,12.5,32,0.03983333333333333,0.075,0.035166666666666666,1.6859893211384194,1.4853169548885463,31.2,32.724363755968184,0.49107142857142855,0.2912660373434902,-1.0515677432156398
extreme,fines_accumulation,L4,12.5,34,0.039,0.08225,0.043250000000000004,1.6639753382604137,1.3263355756877424,31.4,32.776511540403035,0.49107142857142855,0.29511941510191747,-1.0245432451974155
extreme,fines_accumulation,L4,12.5,36,0.03941666666666667,0.09375,0.05433333333333333,1.6082178912159373,0.9236644243122585,31.6,32.82859183337026,0.49107142857142855,0.3053513029880177,-0.9890531507888864
extreme,fines_accumulation,L4,12.5,38,0.036833333333333336,0.10316666666666667,0.06633333333333333,1.5862039083379313,0.7646830451114539,31.8,32.880608320887376,0.49107142857142855,0.3095890925435853,-0.9430311180808064
extreme,fines_accumulation,L4,12.5,40,0.038,0.09708333333333333,0.05908333333333333,1.6187879973794401,0.9999999999999998,32.0,32.93256459301162,0.49107142857142855,0.3033574682826874,-0.9794019217584248
extreme,fines_accumulation,L4,12.5,42,0.04108333333333333,0.085,0.04391666666666667,1.651372086420949,1.2353169548885463,32.2,32.984464146422226,0.49107142857142855,0.2973717629173067,-1.0494797910490934
extreme,fines_accumulation,L4,12.5,44,0.042083333333333334,0.085,0.04291666666666667,1.6293581035429434,1.0763355756877433,32.4,33.03631038693587,0.49107142857142855,0.3013895027149787,-1.0107694484815009
extreme,fines_accumulation,L4,12.5,46,0.03816666666666667,0.10333333333333333,0.06516666666666666,1.573600656498467,0.6736644243122583,32.6,33.0881066319564,0.49107142857142855,0.3120686474954498,-0.9708049608835354
extreme,fines_accumulation,L4,12.5,48,0.0425,0.10641666666666667,0.06391666666666668,1.5634004218314876,0.6,32.8,33.13985611286015,0.49107142857142855,0.31410470517600964,-0.9250513311614955
extreme,fines_accumulation,L4,12.5,50,0.04125,0.09791666666666667,0.056666666666666664,1.5841707626619699,0.7499999999999998,33.0,33.191561977317875,0.49107142857142855,0.3099864232731161,-0.9726579119193208
extreme,fines_washout,L1,2.0,0,0.73975,0.74575,0.006000000000000005,0.7603740083287055,3.2,8.0,10.42484444292229,0.1362707320522323,0.17921540000000002,0.6688430664147667
extreme,fines_washout,L1,2.0,2,0.7409166666666667,0.7486666666666667,0.007750000000000035,0.7576350750499143,3.4353169548885463,7.84,10.383690676437654,0.13577987302910044,0.17921540000000002,0.6916263557409413
extreme,fines_washout,L1,2.0,4,0.7366666666666667,0.7548333333333334,0.018166666666666664,0.7550496642443109,3.276335575687742,7.68,10.34476899976154,0.1353165275974099,0.17921540000000002,0.6917869985604976
extreme,fines_washout,L1,2.0,6,0.74025,0.745,0.004750000000000032,0.7526214874688109,2.8736644243122584,7.52,10.308147983123293,0.13488136092531794,0.17921540000000002,0.6770697030964182
extreme,fines_washout,L1,2.0,8,0.74225,0.75775,0.01550000000000007,0.75035322358243,2.714683045111454,7.36,10.273880316142437,0.13447485310561463,0.17921540000000002,0.7020520599990318
extreme,fines_washout,L1,2.0,10,0.7416666666666667,0.75075,0.009083333333333332,0.7482463831037385,2.95,7.2,10.24200055436703,0.13409727484648976,0.17921540000000002,0.6928820542205807
extreme,fines_washout,L1,2.0,12,0.746,0.7549166666666667,0.008916666666666684,0.7463011808338809,3.1853169548885463,7.04,10.212522997936011,0.13374866464361632,0.17921540000000002,0.7124201235427193
extreme,fines_washout,L1,2.0,14,0.74725,0.7631666666666667,0.01591666666666669,0.7445164234151972,3.026335575687742,6.88,10.18543981136113,0.13342880862892395,0.17921540000000002,0.7539440222095494
extreme,fines_washout,L1,2.0,16,0.74275,0.7620833333333333,0.019333333333333313,0.7428894195946009,2.6236644243122584,6.72,10.160719510192207,0.13313722448841425,0.17921540000000002,0.7272386703428428
extreme,fines_washout,L1,2.0,18,0.7426666666666667,0.7686666666666667,0.026000000000000023,0.7414159218654557,2.464683045111454,6.5600000000000005,10.138305953597603,0.1328731510034864,0.17921540000000002,0.7552003362760323
extreme,fines_washout,L1,2.0,20,0.74575,0.77,0.024249999999999994,0.7400901086950901,2.7,6.4,10.118117988912719,0.13263554486583407,0.17921540000000002,0.7647570219037068
extreme,fines_washout,L1,2.0,22,0.7333333333333333,0.7646666666666667,0.031333333333333435,0.7389046164881544,2.9353169548885463,6.24,10.100049891648986,0.13242308640577122,0.17921540000000002,0.7509327700887233
extreme,fines_washout,L1,2.0,24,0.7446666666666667,0.7688333333333334,0.02416666666666667,0.7378506295381766,2.7763355756877424,6.08,10.083972728577265,0.13223419571293615,0.17921540000000002,0.7824732714484105
extreme,fines_washout,L1,2.0,26,0.7395833333333334,0.7809166666666667,0.04133333333333333,0.7369180342235095,2.3736644243122584,5.92,10.069736738548434,0.13206706027057996,0.17921540000000002,0.8097053832876621
extreme,fines_washout,L1,2.0,28,0.744,0.7841666666666667,0.040166666666666684,0.7360956403887349,2.214683045111454,5.76,10.057174772573136,0.1319196746305233,0.17921540000000002,0.8134736417465936
extreme,fines_washout,L1,2.0,30,0.7511666666666666,0.908,0.15683333333333338,0.5867314797326312,1.2500000000000002,5.6,10.046106759830883,0.1317898918039654,0.22461704605319793,1.5396990976831308
extreme,fines_washout,L1,2.0,32,0.74725,0.877,0.12975000000000003,0.6328183318277857,1.4853169548885463,5.4399999999999995,10.036345071044614,0.1316754849457366,0.20807786109074128,1.2853007909060528
extreme,fines_washout,L1,2.0,34,0.7421666666666666,0.8909166666666667,0.14875000000000005,0.6008752230270099,1.3263355756877424,5.279999999999999,10.027700540629505,0.1315742166291347,0.21897094702342274,1.4241776480777921
extreme,fines_washout,L1,2.0,36,0.7441666666666666,0.94725,0.2030833333333334,0.5208440531153234,0.9236644243122585,5.12,10.019988795324702,0.131483911674441,0.2524439146189662,2.025005334815445
extreme,fines_washout,L1,2.0,38,0.7424166666666666,0.9629166666666666,0.22050000000000003,0.48853855323107537,0.7646830451114539,4.96,10.0,0.13125,0.2686584285558312,2.307439301993269
extreme,fines_washout,L1,2.0,40,0.7486666666666667,0.9410833333333334,0.19241666666666668,0.5349841801884985,0.9999999999999998,4.8,10.0,0.13125,0.24533435727717193,1.9216953826515917
extreme,fines_washout,L1,2.0,42,0.7463333333333333,0.9073333333333333,0.16100000000000003,0.5814298071459217,1.2353169548885463,4.640000000000001,10.0,0.13125,0.22573662097626193,1.5878801292454419
extreme,fines_washout,L1,2.0,44,0.7510833333333333,0.9323333333333333,0.18125000000000002,0.5500508959449228,1.0763355756877433,4.48,10.0,0.13125,0.238614282728379,1.8287842254014346
extreme,fines_washout,L1,2.0,46,0.74525,0.9680833333333333,0.22283333333333333,0.4705737750032556,0.6736644243122583,4.32,10.0,0.13125,0.27891482052753996,2.419668481491839
extreme,fines_washout,L1,2.0,48,0.7383333333333333,0.9724166666666667,0.23408333333333342,0.4560342771023884,0.6,4.16,10.0,0.13125,0.28780731315626934,2.5960624826144683
extreme,fines_washout,L1,2.0,50,0.7438333333333333,0.9625833333333333,0.21875,0.4856404907596797,0.7499999999999998,4.0,10.0,0.13125,0.2702616493008804,2.2787241640343003
extreme,fines_washout,L2,4.5,0,0.49733333333333335,0.48825,-0.009083333333333332,0.9994752004414753,3.2,14.0,15.75572751282236,0.2080367126451502,0.20814594754653132,-0.025455379743200106
extreme,fines_washout,L2,4.5,2,0.4935833333333333,0.4721666666666667,-0.02141666666666664,1.0283253233911627,3.4353169548885463,13.84,15.694941080499028,0.20712685839808123,0.20142152846633016,-0.06468123335570479
extreme,fines_washout,L2,4.5,4,0.49366666666666664,0.49041666666666667,-0.003249999999999975,1.0014352855403374,3.276335575687742,13.68,15.633641140983045,0.20621145620410572,0.2059159080787149,-0.023434079202104215
extreme,fines_washout,L2,4.5,6,0.5005833333333334,0.563,0.062416666666666565,0.9406201124776223,2.8736644243122584,13.52,15.5718417860211,0.20529076971533988,0.21825045732287998,0.1477449441323805
extreme,fines_washout,L2,4.5,8,0.5004166666666666,0.58125,0.08083333333333342,0.9142335050538409,2.714683045111454,13.36,15.509559231668065,0.20436509256390578,0.2235370848193431,0.19452087185115008
extreme,fines_washout,L2,4.5,10,0.48966666666666664,0.5535,0.06383333333333335,0.9427007630841159,2.95,13.2,15.446811974504868,0.2034347502548293,0.21579992105795834,0.1254533611071004
extreme,fines_washout,L2,4.5,12,0.49683333333333335,0.5220833333333333,0.025249999999999995,0.9708489399357544,3.1853169548885463,13.04,15.383620954823414,0.20250010212094205,0.20858044314735763,0.05418149523288106
extreme,fines_washout,L2,4.5,14,0.49541666666666667,0.54925,0.053833333333333344,0.944507736302721,3.026335575687742,12.879999999999999,15.320009726465749,0.20156154333339477,0.2134038034695281,0.10811441683000415
extreme,fines_washout,L2,4.5,16,0.49225,0.6116666666666667,0.11941666666666667,0.8850314753038617,2.6236644243122584,12.72,15.256004632857723,0.20061950695949565,0.22668064646019068,0.28345433207819976
extreme,fines_washout,L2,4.5,18,0.49783333333333335,0.6474166666666666,0.1495833333333333,0.8592254616451668,2.464683045111454,12.56,15.191634988603479,0.1996744660573848,0.23238890718515984,0.3589140855495628
extreme,fines_washout,L2,4.5,20,0.5035,0.60925,0.10575000000000001,0.8870221946111467,2.7,12.4,15.126933265802613,0.1987269357945108,0.2240382901372934,0.25644885211119267
extreme,fines_washout,L2,4.5,22,0.4910833333333333,0.5850833333333333,0.09399999999999997,0.9145060523152471,2.9353169548885463,12.24,15.061935284012394,0.19777747557393913,0.21626699470520463,0.1991427786846909
extreme,fines_washout,L2,4.5,24,0.49183333333333334,0.6054166666666667,0.11358333333333337,0.8887813225651215,2.7763355756877424,12.08,14.996680402499484,0.19682669114915574,0.22145682650158766,0.2610755432414797
extreme,fines_washout,L2,4.5,26,0.48675,0.6731666666666667,0.18641666666666667,0.8307251659759598,2.3736644243122584,11.92,14.931211713104048,0.19587523670418616,0.23578825431882314,0.4392988787149548
extreme,fines_washout,L2,4.5,28,0.49,0.7078333333333333,0.21783333333333332,0.8055679191862577,2.214683045111454,11.76,14.865576231669987,0.19492381687148058,0.24197067960251242,0.5286223870259524
extreme,fines_washout,L2,4.5,30,0.4925,0.8370833333333333,0.3445833333333333,0.6740969829069324,1.2500000000000002,11.6,14.79982508557335,0.19397318865507376,0.28775264327485384,1.0755468641892676
extreme,fines_washout,L2,4.5,32,0.48991666666666667,0.81025,0.32033333333333336,0.701758327900489,1.4853169548885463,11.44,14.734013694402442,0.19302416322096855,0.2750578875187069,0.9350715671403402
extreme,fines_washout,L2,4.5,34,0.49291666666666667,0.8324166666666667,0.3395,0.6775032638494608,1.3263355756877424,11.28,14.668201940303987,0.19207760751047212,0.28350801798225905,1.038223161329631
extreme,fines_washout,L2,4.5,36,0.4885833333333333,0.8824166666666666,0.3938333333333333,0.6217178494879315,0.9236644243122585,11.120000000000001,14.602454323905945,0.19113444562529722,0.30742956114694503,1.3278345860364933
extreme,fines_washout,L2,4.5,38,0.4861666666666667,0.9026666666666666,0.4164999999999999,0.5980543508572154,0.7646830451114539,10.96,14.53684010105788,0.1901956599256068,0.3180240385392928,1.4887210916039741
extreme,fines_washout,L2,4.5,40,0.4925,0.88025,0.38775,0.6254754859505841,0.9999999999999998,10.8,14.471433394892795,0.18926229177382464,0.302589463576159,1.3154311794016926
extreme,fines_washout,L2,4.5,42,0.4915833333333333,0.8553333333333333,0.36374999999999996,0.6526197996511418,1.2353169548885463,10.64,14.40631327691214,0.18833544184796652,0.2885837082304909,1.1373719962722904
extreme,fines_washout,L2,4.5,44,0.4945,0.8736666666666667,0.3791666666666667,0.6291260266365553,1.0763355756877433,10.48,14.341563809933442,0.18741626993853544,0.29789940648379093,1.2698721933206467
extreme,fines_washout,L2,4.5,46,0.4989166666666667,0.91375,0.4148333333333333,0.5748820419478653,0.6736644243122583,10.32,14.277274044826223,0.18650599413274788,0.3244248046100241,1.5998928714013816
extreme,fines_washout,L2,4.5,48,0.49383333333333335,0.9176666666666666,0.4238333333333333,0.562788407742982,0.6,10.16,14.213537962011895,0.1856058892791935,0.3297969302949062,1.6524226891940077
extreme,fines_washout,L2,4.5,50,0.49675,0.9075,0.41074999999999995,0.5789794218650007,0.7499999999999998,10.0,14.150454347738503,0.18471728461520184,0.3190394643391522,1.5504133682979218
extreme,fines_washout,L3,8.0,0,0.21891666666666668,0.21916666666666668,0.0002500000000000002,1.3381792659509093,3.2,21.0,23.330086030389968,0.33793331155619627,0.2525321682637648,-0.5992408637304866
extreme,fines_washout,L3,8.0,2,0.22191666666666668,0.20291666666666666,-0.019000000000000017,1.3660357031934443,3.4353169548885463,20.84,23.28532146078438,0.3370693181763538,0.24675000615896894,-0.6417246626328745
extreme,fines_washout,L3,8.0,4,0.21608333333333332,0.21275,-0.003333333333333327,1.341435732474892,3.276335575687742,20.68,23.240221285354465,0.33620000530124344,0.2506269940200331,-0.6075050832238192
extreme,fines_washout,L3,8.0,6,0.2185,0.2524166666666667,0.03391666666666668,1.2847003824382321,2.8736644243122584,20.52,23.19477848675734,0.3353252638903494,0.2610143722802789,-0.5336495351043179
extreme,fines_washout,L3,8.0,8,0.21891666666666668,0.27025,0.051333333333333314,1.2603609549856603,2.714683045111454,20.36,23.1489859696384,0.3344449843319484,0.2653565099815025,-0.4928756172337985
extreme,fines_washout,L3,8.0,10,0.21341666666666667,0.24608333333333332,0.03266666666666665,1.287974351574246,2.95,20.2,23.102836565167518,0.3335590565542961,0.2589795799478449,-0.5343244304130305
extreme,fines_washout,L3,8.0,12,0.21216666666666667,0.23741666666666666,0.025249999999999995,1.3154005617258833,3.1853169548885463,20.04,23.056323036169815,0.3326673701480058,0.25290195232357704,-0.5711374100166628
extreme,fines_washout,L3,8.0,14,0.22225,0.24658333333333332,0.024333333333333318,1.291052351708049,3.026335575687742,19.88,23.009438082901355,0.3317698145004624,0.2569762675088538,-0.5377338067352703
extreme,fines_washout,L3,8.0,16,0.21283333333333335,0.2806666666666667,0.06783333333333333,1.2349992134861871,2.6236644243122584,19.72,22.962174349524183,0.33086627894317394,0.26790808879075817,-0.47145324019413715
extreme,fines_washout,L3,8.0,18,0.22325,0.29975,0.07650000000000001,1.2109184082577233,2.464683045111454,19.56,22.914524431338858,0.3299566529130236,0.2724846287437047,-0.42509585559695606
extreme,fines_washout,L3,8.0,20,0.21383333333333332,0.27691666666666664,0.06308333333333332,1.2380901538951634,2.7,19.4,22.86648088283719,0.3290408261284464,0.265764835535804,-0.47414612989112603
extreme,fines_washout,L3,8.0,22,0.219,0.26858333333333334,0.04958333333333334,1.2650676039579125,2.9353169548885463,19.24,22.818036226642423,0.3281186887816262,0.259368501537047,-0.4978731696575867
extreme,fines_washout,L3,8.0,24,0.2165,0.28191666666666665,0.06541666666666665,1.2409754591752193,2.7763355756877424,19.08,22.769182963408955,0.32719013174787637,0.2636556019933983,-0.4598947381155081
extreme,fines_washout,L3,8.0,26,0.213,0.32183333333333336,0.10883333333333337,1.1856239347001158,2.3736644243122584,18.92,22.719913582759048,0.32625504681344475,0.27517582706017624,-0.3848432574712934
extreme,fines_washout,L3,8.0,28,0.22141666666666668,0.3345,0.11308333333333334,1.161807270576605,2.214683045111454,18.759999999999998,22.670220575339286,0.325313326923058,0.2800062757066454,-0.3530973266785591
extreme,fines_washout,L3,8.0,30,0.219,0.45466666666666666,0.23566666666666666,1.0350295181896685,1.2500000000000002,18.6,22.620096446085714,0.3243648664486111,0.31338706843447867,-0.1038784226524966
extreme,fines_washout,L3,8.0,32,0.2225,0.43925,0.21674999999999997,1.0619914194374425,1.4853169548885463,18.44,22.569533728792564,0.3234095614804856,0.3045312377870265,-0.144300617107452
extreme,fines_washout,L3,8.0,34,0.21258333333333335,0.4548333333333333,0.24224999999999997,1.0386168996373106,1.3263355756877424,18.28,22.518525002086154,0.3224473101430737,0.3104583704113361,-0.0983919576314756
extreme,fines_washout,L3,8.0,36,0.217,0.50875,0.29175000000000006,0.984448370185389,0.9236644243122585,18.12,22.46706290691258,0.3214780129361855,0.32655649871780024,0.01920682849167732
extreme,fines_washout,L3,8.0,38,0.21916666666666668,0.52425,0.3050833333333333,0.9613655005968064,0.7646830451114539,17.96,22.415140165654954,0.32050157310410243,0.33338160450436194,0.05572528277110421
extreme,fines_washout,L3,8.0,40,0.21208333333333335,0.5050833333333333,0.293,0.9880640036026191,0.9999999999999998,17.8,22.36274960300377,0.31951789703415334,0.3233777324840765,0.011738623116990332
extreme,fines_washout,L3,8.0,42,0.21433333333333332,0.4841666666666667,0.26983333333333337,1.0145566143024662,1.2353169548885463,17.64,22.309884168711996,0.31852689468678674,0.3139567474071244,-0.03444152782104038
extreme,fines_washout,L3,8.0,44,0.22058333333333333,0.5005833333333334,0.28,0.991470140172708,1.0763355756877433,17.48,22.25653696237491,0.31752848005922435,0.3202602551438542,0.0016437014834074332
extreme,fines_washout,L3,8.0,46,0.21783333333333332,0.5511666666666667,0.33333333333333337,0.9380697076346112,0.6736644243122583,17.32,22.202701260383364,0.31652257168488734,0.3374190309193701,0.11739203419080962
extreme,fines_washout,L3,8.0,48,0.21941666666666668,0.5639166666666666,0.3444999999999999,0.9259010798523212,0.6,17.16,22.14837054520852,0.3155090931709039,0.34075896446867393,0.150331176702122
extreme,fines_washout,L3,8.0,50,0.21,0.545,0.3350000000000001,0.9415064263450269,0.7499999999999998,17.0,22.093538537185058,0.3144879737761124,0.3340263698432413,0.11120042402153898
extreme,fines_washout,L4,12.5,0,0.04066666666666666,0.03908333333333333,-0.0015833333333333324,1.9234196628931783,3.2,28.0,31.877396808363123,0.49107142857142855,0.25531164001555773,-1.2365057215054347
extreme,fines_washout,L4,12.5,2,0.03975,0.03716666666666667,-0.0025833333333333333,1.9560037519346873,3.4353169548885463,27.84,31.834236085951183,0.49107142857142855,0.2510585309898863,-1.2389128453646412
extreme,fines_washout,L4,12.5,4,0.041666666666666664,0.0395,-0.002166666666666664,1.9339897690566816,3.276335575687742,27.68,31.790977820887605,0.49107142857142855,0.2539162494178821,-1.2526181509831078
extreme,fines_washout,L4,12.5,6,0.0385,0.04566666666666667,0.007166666666666668,1.8782323220122052,2.8736644243122584,27.52,31.747618917645063,0.49107142857142855,0.2614540399588744,-1.1779407033304619
extreme,fines_washout,L4,12.5,8,0.04158333333333333,0.051166666666666666,0.009583333333333333,1.8562183391341995,2.714683045111454,27.36,31.70415621480726,0.49107142857142855,0.2645547768914298,-1.158571694293724
extreme,fines_washout,L4,12.5,10,0.0395,0.04658333333333333,0.00708333333333333,1.8888024281757083,2.95,27.2,31.660586483761477,0.49107142857142855,0.25999089224261945,-1.203070348381692
extreme,fines_washout,L4,12.5,12,0.0395,0.04275,0.003250000000000003,1.9213865172172166,3.1853169548885463,27.04,31.61690642737865,0.49107142857142855,0.25558180208459946,-1.209758967646472
extreme,fines_washout,L4,12.5,14,0.03966666666666667,0.04625,0.00658333333333333,1.899372534339211,3.026335575687742,26.88,31.573112678681778,0.49107142857142855,0.25854402951144684,-1.2096111937456417
extreme,fines_washout,L4,12.5,16,0.03783333333333333,0.057583333333333334,0.019750000000000004,1.8436150872947348,2.6236644243122584,26.72,31.529201799504275,0.49107142857142855,0.2663633162668526,-1.148005168222577
extreme,fines_washout,L4,12.5,18,0.03983333333333333,0.061,0.021166666666666667,1.821601104416729,2.464683045111454,26.56,31.48517027913958,0.49107142857142855,0.2695823072245381,-1.1123943978902786
extreme,fines_washout,L4,12.5,20,0.0425,0.052583333333333336,0.010083333333333333,1.8541851934582378,2.7,26.4,31.441014532983754,0.49107142857142855,0.26484486571459026,-1.1530557197240483
extreme,fines_washout,L4,12.5,22,0.03991666666666667,0.04908333333333333,0.009166666666666663,1.8867692824997464,2.9353169548885463,26.24,31.396730901172905,0.49107142857142855,0.2602710533430017,-1.1908675232482138
extreme,fines_washout,L4,12.5,24,0.043583333333333335,0.051166666666666666,0.007583333333333331,1.8647552996217414,2.7763355756877424,26.08,31.35231564721747,0.49107142857142855,0.26334362941402584,-1.1540443037342984
extreme,fines_washout,L4,12.5,26,0.04058333333333333,0.06458333333333334,0.024000000000000007,1.8089978525772648,2.3736644243122584,25.92,31.307764956635598,0.49107142857142855,0.27146048176442167,-1.1018713228830925
extreme,fines_washout,L4,12.5,28,0.04133333333333333,0.06875,0.027416666666666673,1.786983869699259,2.214683045111454,25.759999999999998,31.263074935588158,0.49107142857142855,0.27480462297293906,-1.0698485368482455
extreme,fines_washout,L4,12.5,30,0.04041666666666666,0.10191666666666667,0.061500000000000006,1.6534052320969101,1.2500000000000002,25.6,31.218241609518117,0.49107142857142855,0.29700609326646044,-0.9464445001957499
extreme,fines_washout,L4,12.5,32,0.041166666666666664,0.09383333333333334,0.052666666666666674,1.6859893211384194,1.4853169548885463,25.44,31.173260921797247,0.49107142857142855,0.2912660373434902,-0.9832918202255432
extreme,fines_washout,L4,12.5,34,0.039,0.10441666666666667,0.06541666666666668,1.6639753382604137,1.3263355756877424,25.28,31.128128732383605,0.49107142857142855,0.29511941510191747,-0.9520757441716149
extreme,fines_washout,L4,12.5,36,0.035333333333333335,0.12125,0.08591666666666667,1.6082178912159373,0.9236644243122585,25.12,31.082840816493245,0.49107142857142855,0.3053513029880177,-0.9021631201123503
extreme,fines_washout,L4,12.5,38,0.04325,0.12566666666666668,0.08241666666666668,1.5862039083379313,0.7646830451114539,24.96,31.03739286329037,0.49107142857142855,0.3095890925435853,-0.872262267640011
extreme,fines_washout,L4,12.5,40,0.03741666666666667,0.11841666666666667,0.081,1.6187879973794401,0.9999999999999998,24.8,30.991780474600038,0.49107142857142855,0.3033574682826874,-0.9106398641987988
extreme,fines_washout,L4,12.5,42,0.03816666666666667,0.11066666666666666,0.0725,1.651372086420949,1.2353169548885463,24.64,30.94599916364845,0.49107142857142855,0.2973717629173067,-0.9302862792631118
extreme,fines_washout,L4,12.5,44,0.03908333333333333,0.11033333333333334,0.07125000000000001,1.6293581035429434,1.0763355756877433,24.48,30.900044353835774,0.49107142857142855,0.3013895027149787,-0.9233948445977967
extreme,fines_washout,L4,12.5,46,0.03808333333333333,0.13666666666666666,0.09858333333333333,1.573600656498467,0.6736644243122583,24.32,30.853911377547366,0.49107142857142855,0.3120686474954498,-0.851269867566185
extreme,fines_washout,L4,12.5,48,0.042666666666666665,0.14658333333333334,0.10391666666666668,1.5634004218314876,0.6,24.16,30.80759547500948,0.49107142857142855,0.31410470517600964,-0.828729929648601
extreme,fines_washout,L4,12.5,50,0.042,0.132,0.09,1.5841707626619699,0.7499999999999998,24.0,30.76109179319628,0.49107142857142855,0.3099864232731161,-0.8795846895803878
